benchmark_name,client_num,commit,errors,exp_duration,key_dist,key_dist_skew,n_clients_per_workload_node,n_hot_keys,n_hot_nodes,n_keys_per_statement,n_splits,n_statements_per_txn,n_warm_nodes,n_workload_nodes,op_type,ops/sec,p50_ms,p95_ms,p99_ms,pmax_ms,read_percent,sample_type,time_secs
kv,0,jenn-no-wound,0.0,60,zipf,1.4,128,1,1,10,1000,1,15,1,,39.2,35.7,872.4,906.0,939.5,90,interval,1.0
kv,0,jenn-no-wound,0.0,60,zipf,1.4,128,1,1,10,1000,1,15,1,,0.7,71.3,906.0,906.0,906.0,90,interval,1.0
kv,0,jenn-no-wound,0.0,60,zipf,1.4,128,1,1,10,1000,1,15,1,,38.1,771.8,1409.3,1476.4,1476.4,90,interval,2.0
kv,0,jenn-no-wound,0.0,60,zipf,1.4,128,1,1,10,1000,1,15,1,,1.0,1476.4,1476.4,1476.4,1476.4,90,interval,2.0
kv,0,jenn-no-wound,0.0,60,zipf,1.4,128,1,1,10,1000,1,15,1,,111.9,1140.9,2013.3,2415.9,2550.1,90,interval,3.0
kv,0,jenn-no-wound,0.0,60,zipf,1.4,128,1,1,10,1000,1,15,1,,5.0,1744.8,2415.9,2415.9,2415.9,90,interval,3.0
kv,0,jenn-no-wound,0.0,60,zipf,1.4,128,1,1,10,1000,1,15,1,,181.0,453.0,1275.1,1946.2,2147.5,90,interval,4.0
kv,0,jenn-no-wound,0.0,60,zipf,1.4,128,1,1,10,1000,1,15,1,,18.0,2013.3,3758.1,3758.1,3758.1,90,interval,4.0
kv,0,jenn-no-wound,0.0,60,zipf,1.4,128,1,1,10,1000,1,15,1,,48.0,771.8,1275.1,1342.2,1342.2,90,interval,5.0
kv,0,jenn-no-wound,0.0,60,zipf,1.4,128,1,1,10,1000,1,15,1,,1.0,1744.8,1744.8,1744.8,1744.8,90,interval,5.0
kv,0,jenn-no-wound,0.0,60,zipf,1.4,128,1,1,10,1000,1,15,1,,42.0,1006.6,1879.0,2013.3,2013.3,90,interval,6.0
kv,0,jenn-no-wound,0.0,60,zipf,1.4,128,1,1,10,1000,1,15,1,,3.0,1610.6,4831.8,4831.8,4831.8,90,interval,6.0
kv,0,jenn-no-wound,0.0,60,zipf,1.4,128,1,1,10,1000,1,15,1,,86.0,1275.1,2952.8,2952.8,3221.2,90,interval,7.0
kv,0,jenn-no-wound,0.0,60,zipf,1.4,128,1,1,10,1000,1,15,1,,8.0,2952.8,6174.0,6174.0,6174.0,90,interval,7.0
kv,0,jenn-no-wound,0.0,60,zipf,1.4,128,1,1,10,1000,1,15,1,,40.0,285.2,1006.6,1073.7,1073.7,90,interval,8.0
kv,0,jenn-no-wound,0.0,60,zipf,1.4,128,1,1,10,1000,1,15,1,,3.0,4831.8,6710.9,6710.9,6710.9,90,interval,8.0
kv,0,jenn-no-wound,0.0,60,zipf,1.4,128,1,1,10,1000,1,15,1,,111.8,234.9,1811.9,2550.1,2550.1,90,interval,9.0
kv,0,jenn-no-wound,0.0,60,zipf,1.4,128,1,1,10,1000,1,15,1,,10.0,2281.7,8589.9,8589.9,8589.9,90,interval,9.0
kv,0,jenn-no-wound,0.0,60,zipf,1.4,128,1,1,10,1000,1,15,1,,76.1,453.0,2281.7,2415.9,2415.9,90,interval,10.0
kv,0,jenn-no-wound,0.0,60,zipf,1.4,128,1,1,10,1000,1,15,1,,7.0,2415.9,9663.7,9663.7,9663.7,90,interval,10.0
kv,0,jenn-no-wound,0.0,60,zipf,1.4,128,1,1,10,1000,1,15,1,,79.0,234.9,1879.0,2080.4,2281.7,90,interval,11.0
kv,0,jenn-no-wound,0.0,60,zipf,1.4,128,1,1,10,1000,1,15,1,,10.0,3489.7,11274.3,11274.3,11274.3,90,interval,11.0
kv,0,jenn-no-wound,0.0,60,zipf,1.4,128,1,1,10,1000,1,15,1,,178.9,142.6,671.1,1543.5,1677.7,90,interval,12.0
kv,0,jenn-no-wound,0.0,60,zipf,1.4,128,1,1,10,1000,1,15,1,,14.0,704.6,11274.3,11811.2,11811.2,90,interval,12.0
kv,0,jenn-no-wound,0.0,60,zipf,1.4,128,1,1,10,1000,1,15,1,,67.0,79.7,604.0,738.2,771.8,90,interval,13.0
kv,0,jenn-no-wound,0.0,60,zipf,1.4,128,1,1,10,1000,1,15,1,,3.0,4026.5,12348.0,12348.0,12348.0,90,interval,13.0
kv,0,jenn-no-wound,0.0,60,zipf,1.4,128,1,1,10,1000,1,15,1,,41.0,8.9,1811.9,1879.0,1879.0,90,interval,14.0
kv,0,jenn-no-wound,0.0,60,zipf,1.4,128,1,1,10,1000,1,15,1,,2.0,1342.2,1879.0,1879.0,1879.0,90,interval,14.0
kv,0,jenn-no-wound,0.0,60,zipf,1.4,128,1,1,10,1000,1,15,1,,101.9,104.9,2415.9,2415.9,2550.1,90,interval,15.0
kv,0,jenn-no-wound,0.0,60,zipf,1.4,128,1,1,10,1000,1,15,1,,1.0,5905.6,5905.6,5905.6,5905.6,90,interval,15.0
kv,0,jenn-no-wound,0.0,60,zipf,1.4,128,1,1,10,1000,1,15,1,,33.0,805.3,1140.9,1275.1,1275.1,90,interval,16.0
kv,0,jenn-no-wound,0.0,60,zipf,1.4,128,1,1,10,1000,1,15,1,,0.0,0.0,0.0,0.0,0.0,90,interval,16.0
kv,0,jenn-no-wound,0.0,60,zipf,1.4,128,1,1,10,1000,1,15,1,,62.0,637.5,1610.6,1677.7,1677.7,90,interval,17.0
kv,0,jenn-no-wound,0.0,60,zipf,1.4,128,1,1,10,1000,1,15,1,,10.0,12884.9,16643.0,16643.0,16643.0,90,interval,17.0
kv,0,jenn-no-wound,0.0,60,zipf,1.4,128,1,1,10,1000,1,15,1,,53.0,436.2,1946.2,2550.1,2550.1,90,interval,18.0
kv,0,jenn-no-wound,0.0,60,zipf,1.4,128,1,1,10,1000,1,15,1,,2.0,2684.4,10200.5,10200.5,10200.5,90,interval,18.0
kv,0,jenn-no-wound,0.0,60,zipf,1.4,128,1,1,10,1000,1,15,1,,80.0,251.7,1677.7,1946.2,2415.9,90,interval,19.0
kv,0,jenn-no-wound,0.0,60,zipf,1.4,128,1,1,10,1000,1,15,1,,16.0,5637.1,19327.4,19327.4,19327.4,90,interval,19.0
kv,0,jenn-no-wound,0.0,60,zipf,1.4,128,1,1,10,1000,1,15,1,,103.0,6.6,570.4,1342.2,1342.2,90,interval,20.0
kv,0,jenn-no-wound,0.0,60,zipf,1.4,128,1,1,10,1000,1,15,1,,14.0,570.4,5100.3,9126.8,9126.8,90,interval,20.0
kv,0,jenn-no-wound,0.0,60,zipf,1.4,128,1,1,10,1000,1,15,1,,31.0,14.7,1744.8,1811.9,1811.9,90,interval,21.0
kv,0,jenn-no-wound,0.0,60,zipf,1.4,128,1,1,10,1000,1,15,1,,6.0,1811.9,18253.6,18253.6,18253.6,90,interval,21.0
kv,0,jenn-no-wound,0.0,60,zipf,1.4,128,1,1,10,1000,1,15,1,,136.9,234.9,1610.6,1879.0,1879.0,90,interval,22.0
kv,0,jenn-no-wound,0.0,60,zipf,1.4,128,1,1,10,1000,1,15,1,,14.0,1946.2,15032.4,18253.6,18253.6,90,interval,22.0
kv,0,jenn-no-wound,0.0,60,zipf,1.4,128,1,1,10,1000,1,15,1,,57.0,453.0,771.8,838.9,1073.7,90,interval,23.0
kv,0,jenn-no-wound,0.0,60,zipf,1.4,128,1,1,10,1000,1,15,1,,6.0,838.9,19327.4,19327.4,19327.4,90,interval,23.0
kv,0,jenn-no-wound,0.0,60,zipf,1.4,128,1,1,10,1000,1,15,1,,3.0,5.2,1811.9,1811.9,1811.9,90,interval,24.0
kv,0,jenn-no-wound,0.0,60,zipf,1.4,128,1,1,10,1000,1,15,1,,2.0,1946.2,20401.1,20401.1,20401.1,90,interval,24.0
kv,0,jenn-no-wound,0.0,60,zipf,1.4,128,1,1,10,1000,1,15,1,,77.9,637.5,2281.7,2415.9,2415.9,90,interval,25.0
kv,0,jenn-no-wound,0.0,60,zipf,1.4,128,1,1,10,1000,1,15,1,,6.0,10200.5,23622.3,23622.3,23622.3,90,interval,25.0
kv,0,jenn-no-wound,0.0,60,zipf,1.4,128,1,1,10,1000,1,15,1,,8.0,226.5,1006.6,1006.6,1006.6,90,interval,26.0
kv,0,jenn-no-wound,0.0,60,zipf,1.4,128,1,1,10,1000,1,15,1,,1.0,1006.6,1006.6,1006.6,1006.6,90,interval,26.0
kv,0,jenn-no-wound,0.0,60,zipf,1.4,128,1,1,10,1000,1,15,1,,120.8,176.2,1811.9,1946.2,1946.2,90,interval,27.0
kv,0,jenn-no-wound,0.0,60,zipf,1.4,128,1,1,10,1000,1,15,1,,14.0,2415.9,19327.4,26843.5,26843.5,90,interval,27.0
kv,0,jenn-no-wound,0.0,60,zipf,1.4,128,1,1,10,1000,1,15,1,,0.0,0.0,0.0,0.0,0.0,90,interval,28.0
kv,0,jenn-no-wound,0.0,60,zipf,1.4,128,1,1,10,1000,1,15,1,,0.0,0.0,0.0,0.0,0.0,90,interval,28.0
kv,0,jenn-no-wound,0.0,60,zipf,1.4,128,1,1,10,1000,1,15,1,,33.0,2080.4,2281.7,2281.7,2281.7,90,interval,29.0
kv,0,jenn-no-wound,0.0,60,zipf,1.4,128,1,1,10,1000,1,15,1,,3.0,2281.7,6979.3,6979.3,6979.3,90,interval,29.0
kv,0,jenn-no-wound,0.0,60,zipf,1.4,128,1,1,10,1000,1,15,1,,41.0,805.3,2281.7,2818.6,2818.6,90,interval,30.0
kv,0,jenn-no-wound,0.0,60,zipf,1.4,128,1,1,10,1000,1,15,1,,3.0,9126.8,10200.5,10200.5,10200.5,90,interval,30.0
kv,0,jenn-no-wound,0.0,60,zipf,1.4,128,1,1,10,1000,1,15,1,,75.0,302.0,1409.3,1409.3,1543.5,90,interval,31.0
kv,0,jenn-no-wound,0.0,60,zipf,1.4,128,1,1,10,1000,1,15,1,,6.0,1409.3,17179.9,17179.9,17179.9,90,interval,31.0
kv,0,jenn-no-wound,0.0,60,zipf,1.4,128,1,1,10,1000,1,15,1,,2.0,738.2,1476.4,1476.4,1476.4,90,interval,32.0
kv,0,jenn-no-wound,0.0,60,zipf,1.4,128,1,1,10,1000,1,15,1,,2.0,1073.7,1476.4,1476.4,1476.4,90,interval,32.0
kv,0,jenn-no-wound,0.0,60,zipf,1.4,128,1,1,10,1000,1,15,1,,36.0,1610.6,2080.4,2550.1,2550.1,90,interval,33.0
kv,0,jenn-no-wound,0.0,60,zipf,1.4,128,1,1,10,1000,1,15,1,,7.0,2013.3,30064.8,30064.8,30064.8,90,interval,33.0
kv,0,jenn-no-wound,0.0,60,zipf,1.4,128,1,1,10,1000,1,15,1,,91.0,151.0,1208.0,2147.5,2147.5,90,interval,34.0
kv,0,jenn-no-wound,0.0,60,zipf,1.4,128,1,1,10,1000,1,15,1,,9.0,18253.6,33286.0,33286.0,33286.0,90,interval,34.0
kv,0,jenn-no-wound,0.0,60,zipf,1.4,128,1,1,10,1000,1,15,1,,40.0,536.9,805.3,838.9,838.9,90,interval,35.0
kv,0,jenn-no-wound,0.0,60,zipf,1.4,128,1,1,10,1000,1,15,1,,5.0,872.4,13421.8,13421.8,13421.8,90,interval,35.0
kv,0,jenn-no-wound,0.0,60,zipf,1.4,128,1,1,10,1000,1,15,1,,24.0,14.7,1744.8,1744.8,1744.8,90,interval,36.0
kv,0,jenn-no-wound,0.0,60,zipf,1.4,128,1,1,10,1000,1,15,1,,5.0,25769.8,36507.2,36507.2,36507.2,90,interval,36.0
kv,0,jenn-no-wound,0.0,60,zipf,1.4,128,1,1,10,1000,1,15,1,,107.0,159.4,2013.3,2080.4,2147.5,90,interval,37.0
kv,0,jenn-no-wound,0.0,60,zipf,1.4,128,1,1,10,1000,1,15,1,,18.0,13958.6,36507.2,36507.2,36507.2,90,interval,37.0
kv,0,jenn-no-wound,0.0,60,zipf,1.4,128,1,1,10,1000,1,15,1,,100.8,6.8,805.3,838.9,1073.7,90,interval,38.0
kv,0,jenn-no-wound,0.0,60,zipf,1.4,128,1,1,10,1000,1,15,1,,17.0,738.2,27917.3,32212.3,32212.3,90,interval,38.0
kv,0,jenn-no-wound,0.0,60,zipf,1.4,128,1,1,10,1000,1,15,1,,37.1,18.9,1006.6,1073.7,1073.7,90,interval,39.0
kv,0,jenn-no-wound,0.0,60,zipf,1.4,128,1,1,10,1000,1,15,1,,3.0,1811.9,1946.2,1946.2,1946.2,90,interval,39.0
kv,0,jenn-no-wound,0.0,60,zipf,1.4,128,1,1,10,1000,1,15,1,,108.1,11.5,1275.1,1610.6,1610.6,90,interval,40.0
kv,0,jenn-no-wound,0.0,60,zipf,1.4,128,1,1,10,1000,1,15,1,,4.0,1610.6,3221.2,3221.2,3221.2,90,interval,40.0
kv,0,jenn-no-wound,0.0,60,zipf,1.4,128,1,1,10,1000,1,15,1,,1.0,1879.0,1879.0,1879.0,1879.0,90,interval,41.0
kv,0,jenn-no-wound,0.0,60,zipf,1.4,128,1,1,10,1000,1,15,1,,1.0,3087.0,3087.0,3087.0,3087.0,90,interval,41.0
kv,0,jenn-no-wound,0.0,60,zipf,1.4,128,1,1,10,1000,1,15,1,,22.0,1677.7,2281.7,3221.2,3221.2,90,interval,42.0
kv,0,jenn-no-wound,0.0,60,zipf,1.4,128,1,1,10,1000,1,15,1,,4.0,19327.4,42949.7,42949.7,42949.7,90,interval,42.0
kv,0,jenn-no-wound,0.0,60,zipf,1.4,128,1,1,10,1000,1,15,1,,20.0,5.8,2550.1,3087.0,3087.0,90,interval,43.0
kv,0,jenn-no-wound,0.0,60,zipf,1.4,128,1,1,10,1000,1,15,1,,7.0,12884.9,42949.7,42949.7,42949.7,90,interval,43.0
kv,0,jenn-no-wound,0.0,60,zipf,1.4,128,1,1,10,1000,1,15,1,,157.9,39.8,1811.9,1946.2,3489.7,90,interval,44.0
kv,0,jenn-no-wound,0.0,60,zipf,1.4,128,1,1,10,1000,1,15,1,,17.0,3892.3,10737.4,17179.9,17179.9,90,interval,44.0
kv,0,jenn-no-wound,0.0,60,zipf,1.4,128,1,1,10,1000,1,15,1,,0.0,0.0,0.0,0.0,0.0,90,interval,45.0
kv,0,jenn-no-wound,0.0,60,zipf,1.4,128,1,1,10,1000,1,15,1,,0.0,0.0,0.0,0.0,0.0,90,interval,45.0
kv,0,jenn-no-wound,0.0,60,zipf,1.4,128,1,1,10,1000,1,15,1,,25.0,1811.9,2281.7,2415.9,2415.9,90,interval,46.0
kv,0,jenn-no-wound,0.0,60,zipf,1.4,128,1,1,10,1000,1,15,1,,4.0,2281.7,36507.2,36507.2,36507.2,90,interval,46.0
kv,0,jenn-no-wound,0.0,60,zipf,1.4,128,1,1,10,1000,1,15,1,,60.0,318.8,2415.9,2550.1,2550.1,90,interval,47.0
kv,0,jenn-no-wound,0.0,60,zipf,1.4,128,1,1,10,1000,1,15,1,,10.0,8321.5,47244.6,47244.6,47244.6,90,interval,47.0
kv,0,jenn-no-wound,0.0,60,zipf,1.4,128,1,1,10,1000,1,15,1,,62.0,604.0,1543.5,1744.8,2281.7,90,interval,48.0
kv,0,jenn-no-wound,0.0,60,zipf,1.4,128,1,1,10,1000,1,15,1,,4.0,1208.0,45097.2,45097.2,45097.2,90,interval,48.0
kv,0,jenn-no-wound,0.0,60,zipf,1.4,128,1,1,10,1000,1,15,1,,51.0,570.4,1073.7,1275.1,1811.9,90,interval,49.0
kv,0,jenn-no-wound,0.0,60,zipf,1.4,128,1,1,10,1000,1,15,1,,7.0,10737.4,38654.7,38654.7,38654.7,90,interval,49.0
kv,0,jenn-no-wound,0.0,60,zipf,1.4,128,1,1,10,1000,1,15,1,,58.1,302.0,1140.9,1610.6,2147.5,90,interval,50.0
kv,0,jenn-no-wound,0.0,60,zipf,1.4,128,1,1,10,1000,1,15,1,,4.0,1208.0,7247.8,7247.8,7247.8,90,interval,50.0
kv,0,jenn-no-wound,0.0,60,zipf,1.4,128,1,1,10,1000,1,15,1,,73.0,209.7,1006.6,1409.3,1409.3,90,interval,51.0
kv,0,jenn-no-wound,0.0,60,zipf,1.4,128,1,1,10,1000,1,15,1,,8.0,12348.0,47244.6,47244.6,47244.6,90,interval,51.0
kv,0,jenn-no-wound,0.0,60,zipf,1.4,128,1,1,10,1000,1,15,1,,73.0,260.0,1677.7,1879.0,1879.0,90,interval,52.0
kv,0,jenn-no-wound,0.0,60,zipf,1.4,128,1,1,10,1000,1,15,1,,7.0,1610.6,51539.6,51539.6,51539.6,90,interval,52.0
kv,0,jenn-no-wound,0.0,60,zipf,1.4,128,1,1,10,1000,1,15,1,,20.0,12.1,1744.8,1744.8,1744.8,90,interval,53.0
kv,0,jenn-no-wound,0.0,60,zipf,1.4,128,1,1,10,1000,1,15,1,,1.0,13421.8,13421.8,13421.8,13421.8,90,interval,53.0
kv,0,jenn-no-wound,0.0,60,zipf,1.4,128,1,1,10,1000,1,15,1,,125.9,14.2,1946.2,2080.4,2080.4,90,interval,54.0
kv,0,jenn-no-wound,0.0,60,zipf,1.4,128,1,1,10,1000,1,15,1,,18.0,2080.4,20401.1,24696.1,24696.1,90,interval,54.0
kv,0,jenn-no-wound,0.0,60,zipf,1.4,128,1,1,10,1000,1,15,1,,36.0,671.1,872.4,906.0,906.0,90,interval,55.0
kv,0,jenn-no-wound,0.0,60,zipf,1.4,128,1,1,10,1000,1,15,1,,2.0,704.6,805.3,805.3,805.3,90,interval,55.0
kv,0,jenn-no-wound,0.0,60,zipf,1.4,128,1,1,10,1000,1,15,1,,34.0,1073.7,1811.9,2281.7,2281.7,90,interval,56.0
kv,0,jenn-no-wound,0.0,60,zipf,1.4,128,1,1,10,1000,1,15,1,,2.0,1811.9,19327.4,19327.4,19327.4,90,interval,56.0
kv,0,jenn-no-wound,0.0,60,zipf,1.4,128,1,1,10,1000,1,15,1,,70.0,243.3,2550.1,2550.1,2550.1,90,interval,57.0
kv,0,jenn-no-wound,0.0,60,zipf,1.4,128,1,1,10,1000,1,15,1,,5.0,36507.2,57982.1,57982.1,57982.1,90,interval,57.0
kv,0,jenn-no-wound,0.0,60,zipf,1.4,128,1,1,10,1000,1,15,1,,46.0,352.3,1811.9,1879.0,1879.0,90,interval,58.0
kv,0,jenn-no-wound,0.0,60,zipf,1.4,128,1,1,10,1000,1,15,1,,4.0,1610.6,14495.5,14495.5,14495.5,90,interval,58.0
kv,0,jenn-no-wound,0.0,60,zipf,1.4,128,1,1,10,1000,1,15,1,,44.0,37.7,1879.0,2013.3,2013.3,90,interval,59.0
kv,0,jenn-no-wound,0.0,60,zipf,1.4,128,1,1,10,1000,1,15,1,,6.0,1140.9,60129.5,60129.5,60129.5,90,interval,59.0
kv,0,jenn-no-wound,0.0,60,zipf,1.4,128,1,1,10,1000,1,15,1,read,67.3,209.7,2013.3,2550.1,3489.7,90,total,60.0
kv,0,jenn-no-wound,0.0,60,zipf,1.4,128,1,1,10,1000,1,15,1,write,6.3,2415.9,36507.2,47244.6,60129.5,90,total,60.0
kv,0,jenn-no-wound,0.0,60,zipf,1.4,128,1,1,10,1000,1,15,1,aggregate,73.6,302.0,2550.1,21474.8,60129.5,90,total_aggregate,60.0
kv,0,jenn-no-wound,0.0,60,zipf,1.3,128,1,1,10,1000,1,15,1,,46.7,50.3,604.0,738.2,838.9,90,interval,1.0
kv,0,jenn-no-wound,0.0,60,zipf,1.3,128,1,1,10,1000,1,15,1,,2.6,486.5,838.9,872.4,872.4,90,interval,1.0
kv,0,jenn-no-wound,0.0,60,zipf,1.3,128,1,1,10,1000,1,15,1,,224.5,302.0,906.0,1073.7,1342.2,90,interval,2.0
kv,0,jenn-no-wound,0.0,60,zipf,1.3,128,1,1,10,1000,1,15,1,,9.0,906.0,1275.1,1275.1,1275.1,90,interval,2.0
kv,0,jenn-no-wound,0.0,60,zipf,1.3,128,1,1,10,1000,1,15,1,,106.0,385.9,1275.1,1744.8,1744.8,90,interval,3.0
kv,0,jenn-no-wound,0.0,60,zipf,1.3,128,1,1,10,1000,1,15,1,,4.0,1040.2,2952.8,2952.8,2952.8,90,interval,3.0
kv,0,jenn-no-wound,0.0,60,zipf,1.3,128,1,1,10,1000,1,15,1,,73.0,536.9,1946.2,1946.2,2013.3,90,interval,4.0
kv,0,jenn-no-wound,0.0,60,zipf,1.3,128,1,1,10,1000,1,15,1,,4.0,906.0,1476.4,1476.4,1476.4,90,interval,4.0
kv,0,jenn-no-wound,0.0,60,zipf,1.3,128,1,1,10,1000,1,15,1,,124.0,570.4,1879.0,1879.0,2415.9,90,interval,5.0
kv,0,jenn-no-wound,0.0,60,zipf,1.3,128,1,1,10,1000,1,15,1,,3.0,1811.9,2952.8,2952.8,2952.8,90,interval,5.0
kv,0,jenn-no-wound,0.0,60,zipf,1.3,128,1,1,10,1000,1,15,1,,54.1,738.2,1409.3,1610.6,2013.3,90,interval,6.0
kv,0,jenn-no-wound,0.0,60,zipf,1.3,128,1,1,10,1000,1,15,1,,2.0,1744.8,3489.7,3489.7,3489.7,90,interval,6.0
kv,0,jenn-no-wound,0.0,60,zipf,1.3,128,1,1,10,1000,1,15,1,,42.0,1744.8,2281.7,2415.9,2415.9,90,interval,7.0
kv,0,jenn-no-wound,0.0,60,zipf,1.3,128,1,1,10,1000,1,15,1,,3.0,3355.4,6442.5,6442.5,6442.5,90,interval,7.0
kv,0,jenn-no-wound,0.0,60,zipf,1.3,128,1,1,10,1000,1,15,1,,148.9,134.2,1811.9,2080.4,2147.5,90,interval,8.0
kv,0,jenn-no-wound,0.0,60,zipf,1.3,128,1,1,10,1000,1,15,1,,13.0,5100.3,6979.3,6979.3,6979.3,90,interval,8.0
kv,0,jenn-no-wound,0.0,60,zipf,1.3,128,1,1,10,1000,1,15,1,,71.0,704.6,1140.9,1476.4,1543.5,90,interval,9.0
kv,0,jenn-no-wound,0.0,60,zipf,1.3,128,1,1,10,1000,1,15,1,,6.0,1140.9,6710.9,6710.9,6710.9,90,interval,9.0
kv,0,jenn-no-wound,0.0,60,zipf,1.3,128,1,1,10,1000,1,15,1,,100.0,419.4,2952.8,8321.5,10200.5,90,interval,10.0
kv,0,jenn-no-wound,0.0,60,zipf,1.3,128,1,1,10,1000,1,15,1,,10.0,1140.9,10200.5,10200.5,10200.5,90,interval,10.0
kv,0,jenn-no-wound,0.0,60,zipf,1.3,128,1,1,10,1000,1,15,1,,61.1,226.5,637.5,704.6,872.4,90,interval,11.0
kv,0,jenn-no-wound,0.0,60,zipf,1.3,128,1,1,10,1000,1,15,1,,3.0,453.0,469.8,469.8,469.8,90,interval,11.0
kv,0,jenn-no-wound,0.0,60,zipf,1.3,128,1,1,10,1000,1,15,1,,14.0,1811.9,2013.3,2013.3,2013.3,90,interval,12.0
kv,0,jenn-no-wound,0.0,60,zipf,1.3,128,1,1,10,1000,1,15,1,,2.0,2818.6,9126.8,9126.8,9126.8,90,interval,12.0
kv,0,jenn-no-wound,0.0,60,zipf,1.3,128,1,1,10,1000,1,15,1,,134.9,260.0,2281.7,2684.4,2684.4,90,interval,13.0
kv,0,jenn-no-wound,0.0,60,zipf,1.3,128,1,1,10,1000,1,15,1,,10.0,2818.6,11811.2,11811.2,11811.2,90,interval,13.0
kv,0,jenn-no-wound,0.0,60,zipf,1.3,128,1,1,10,1000,1,15,1,,99.9,335.5,738.2,872.4,1073.7,90,interval,14.0
kv,0,jenn-no-wound,0.0,60,zipf,1.3,128,1,1,10,1000,1,15,1,,13.0,3489.7,12348.0,13421.8,13421.8,90,interval,14.0
kv,0,jenn-no-wound,0.0,60,zipf,1.3,128,1,1,10,1000,1,15,1,,96.0,209.7,1140.9,1275.1,1275.1,90,interval,15.0
kv,0,jenn-no-wound,0.0,60,zipf,1.3,128,1,1,10,1000,1,15,1,,9.0,5637.1,13421.8,13421.8,13421.8,90,interval,15.0
kv,0,jenn-no-wound,0.0,60,zipf,1.3,128,1,1,10,1000,1,15,1,,19.0,906.0,1610.6,1677.7,1677.7,90,interval,16.0
kv,0,jenn-no-wound,0.0,60,zipf,1.3,128,1,1,10,1000,1,15,1,,0.0,0.0,0.0,0.0,0.0,90,interval,16.0
kv,0,jenn-no-wound,0.0,60,zipf,1.3,128,1,1,10,1000,1,15,1,,58.0,520.1,2013.3,2013.3,2080.4,90,interval,17.0
kv,0,jenn-no-wound,0.0,60,zipf,1.3,128,1,1,10,1000,1,15,1,,13.0,2013.3,9126.8,14495.5,14495.5,90,interval,17.0
kv,0,jenn-no-wound,0.0,60,zipf,1.3,128,1,1,10,1000,1,15,1,,89.0,251.7,1073.7,1275.1,2080.4,90,interval,18.0
kv,0,jenn-no-wound,0.0,60,zipf,1.3,128,1,1,10,1000,1,15,1,,8.0,2080.4,12884.9,12884.9,12884.9,90,interval,18.0
kv,0,jenn-no-wound,0.0,60,zipf,1.3,128,1,1,10,1000,1,15,1,,18.0,6.0,1543.5,1610.6,1610.6,90,interval,19.0
kv,0,jenn-no-wound,0.0,60,zipf,1.3,128,1,1,10,1000,1,15,1,,3.0,5368.7,5905.6,5905.6,5905.6,90,interval,19.0
kv,0,jenn-no-wound,0.0,60,zipf,1.3,128,1,1,10,1000,1,15,1,,186.8,92.3,1677.7,1811.9,1879.0,90,interval,20.0
kv,0,jenn-no-wound,0.0,60,zipf,1.3,128,1,1,10,1000,1,15,1,,21.0,6979.3,19327.4,19327.4,19327.4,90,interval,20.0
kv,0,jenn-no-wound,0.0,60,zipf,1.3,128,1,1,10,1000,1,15,1,,57.0,838.9,1073.7,1140.9,1140.9,90,interval,21.0
kv,0,jenn-no-wound,0.0,60,zipf,1.3,128,1,1,10,1000,1,15,1,,7.0,1073.7,20401.1,20401.1,20401.1,90,interval,21.0
kv,0,jenn-no-wound,0.0,60,zipf,1.3,128,1,1,10,1000,1,15,1,,79.0,318.8,1342.2,1342.2,1342.2,90,interval,22.0
kv,0,jenn-no-wound,0.0,60,zipf,1.3,128,1,1,10,1000,1,15,1,,7.0,7516.2,21474.8,21474.8,21474.8,90,interval,22.0
kv,0,jenn-no-wound,0.0,60,zipf,1.3,128,1,1,10,1000,1,15,1,,87.0,243.3,1342.2,1879.0,2147.5,90,interval,23.0
kv,0,jenn-no-wound,0.0,60,zipf,1.3,128,1,1,10,1000,1,15,1,,5.0,9126.8,20401.1,20401.1,20401.1,90,interval,23.0
kv,0,jenn-no-wound,0.0,60,zipf,1.3,128,1,1,10,1000,1,15,1,,36.0,604.0,1275.1,1610.6,1610.6,90,interval,24.0
kv,0,jenn-no-wound,0.0,60,zipf,1.3,128,1,1,10,1000,1,15,1,,2.0,2281.7,22548.6,22548.6,22548.6,90,interval,24.0
kv,0,jenn-no-wound,0.0,60,zipf,1.3,128,1,1,10,1000,1,15,1,,87.1,260.0,1946.2,2013.3,2080.4,90,interval,25.0
kv,0,jenn-no-wound,0.0,60,zipf,1.3,128,1,1,10,1000,1,15,1,,3.0,1946.2,25769.8,25769.8,25769.8,90,interval,25.0
kv,0,jenn-no-wound,0.0,60,zipf,1.3,128,1,1,10,1000,1,15,1,,151.0,14.7,637.5,973.1,1140.9,90,interval,26.0
kv,0,jenn-no-wound,0.0,60,zipf,1.3,128,1,1,10,1000,1,15,1,,10.0,6174.0,16106.1,16106.1,16106.1,90,interval,26.0
kv,0,jenn-no-wound,0.0,60,zipf,1.3,128,1,1,10,1000,1,15,1,,9.0,1476.4,1543.5,1543.5,1543.5,90,interval,27.0
kv,0,jenn-no-wound,0.0,60,zipf,1.3,128,1,1,10,1000,1,15,1,,0.0,0.0,0.0,0.0,0.0,90,interval,27.0
kv,0,jenn-no-wound,0.0,60,zipf,1.3,128,1,1,10,1000,1,15,1,,16.0,1342.2,1610.6,1610.6,1610.6,90,interval,28.0
kv,0,jenn-no-wound,0.0,60,zipf,1.3,128,1,1,10,1000,1,15,1,,0.0,0.0,0.0,0.0,0.0,90,interval,28.0
kv,0,jenn-no-wound,0.0,60,zipf,1.3,128,1,1,10,1000,1,15,1,,15.0,2818.6,2952.8,2952.8,2952.8,90,interval,29.0
kv,0,jenn-no-wound,0.0,60,zipf,1.3,128,1,1,10,1000,1,15,1,,2.0,4026.5,21474.8,21474.8,21474.8,90,interval,29.0
kv,0,jenn-no-wound,0.0,60,zipf,1.3,128,1,1,10,1000,1,15,1,,13.0,2952.8,4160.7,4295.0,4295.0,90,interval,30.0
kv,0,jenn-no-wound,0.0,60,zipf,1.3,128,1,1,10,1000,1,15,1,,2.0,4026.5,6979.3,6979.3,6979.3,90,interval,30.0
kv,0,jenn-no-wound,0.0,60,zipf,1.3,128,1,1,10,1000,1,15,1,,61.0,15.7,2952.8,3221.2,3221.2,90,interval,31.0
kv,0,jenn-no-wound,0.0,60,zipf,1.3,128,1,1,10,1000,1,15,1,,7.0,2550.1,10200.5,10200.5,10200.5,90,interval,31.0
kv,0,jenn-no-wound,0.0,60,zipf,1.3,128,1,1,10,1000,1,15,1,,78.0,12.1,1006.6,1476.4,1610.6,90,interval,32.0
kv,0,jenn-no-wound,0.0,60,zipf,1.3,128,1,1,10,1000,1,15,1,,6.0,453.0,3221.2,3221.2,3221.2,90,interval,32.0
kv,0,jenn-no-wound,0.0,60,zipf,1.3,128,1,1,10,1000,1,15,1,,18.0,1006.6,1879.0,1879.0,1879.0,90,interval,33.0
kv,0,jenn-no-wound,0.0,60,zipf,1.3,128,1,1,10,1000,1,15,1,,2.0,1946.2,16643.0,16643.0,16643.0,90,interval,33.0
kv,0,jenn-no-wound,0.0,60,zipf,1.3,128,1,1,10,1000,1,15,1,,47.0,104.9,1677.7,2281.7,2281.7,90,interval,34.0
kv,0,jenn-no-wound,0.0,60,zipf,1.3,128,1,1,10,1000,1,15,1,,9.0,1744.8,28991.0,28991.0,28991.0,90,interval,34.0
kv,0,jenn-no-wound,0.0,60,zipf,1.3,128,1,1,10,1000,1,15,1,,22.0,60.8,2281.7,2684.4,2684.4,90,interval,35.0
kv,0,jenn-no-wound,0.0,60,zipf,1.3,128,1,1,10,1000,1,15,1,,2.0,2550.1,9126.8,9126.8,9126.8,90,interval,35.0
kv,0,jenn-no-wound,0.0,60,zipf,1.3,128,1,1,10,1000,1,15,1,,23.0,1073.7,2550.1,2550.1,2550.1,90,interval,36.0
kv,0,jenn-no-wound,0.0,60,zipf,1.3,128,1,1,10,1000,1,15,1,,3.0,10200.5,25769.8,25769.8,25769.8,90,interval,36.0
kv,0,jenn-no-wound,0.0,60,zipf,1.3,128,1,1,10,1000,1,15,1,,15.0,1040.2,2281.7,2952.8,2952.8,90,interval,37.0
kv,0,jenn-no-wound,0.0,60,zipf,1.3,128,1,1,10,1000,1,15,1,,0.0,0.0,0.0,0.0,0.0,90,interval,37.0
kv,0,jenn-no-wound,0.0,60,zipf,1.3,128,1,1,10,1000,1,15,1,,31.0,134.2,2013.3,2013.3,2013.3,90,interval,38.0
kv,0,jenn-no-wound,0.0,60,zipf,1.3,128,1,1,10,1000,1,15,1,,4.0,15032.4,25769.8,25769.8,25769.8,90,interval,38.0
kv,0,jenn-no-wound,0.0,60,zipf,1.3,128,1,1,10,1000,1,15,1,,39.0,26.2,704.6,1073.7,1073.7,90,interval,39.0
kv,0,jenn-no-wound,0.0,60,zipf,1.3,128,1,1,10,1000,1,15,1,,7.0,30064.8,38654.7,38654.7,38654.7,90,interval,39.0
kv,0,jenn-no-wound,0.0,60,zipf,1.3,128,1,1,10,1000,1,15,1,,41.0,209.7,1275.1,1543.5,1543.5,90,interval,40.0
kv,0,jenn-no-wound,0.0,60,zipf,1.3,128,1,1,10,1000,1,15,1,,5.0,6442.5,36507.2,36507.2,36507.2,90,interval,40.0
kv,0,jenn-no-wound,0.0,60,zipf,1.3,128,1,1,10,1000,1,15,1,,20.0,14.7,1476.4,1543.5,1543.5,90,interval,41.0
kv,0,jenn-no-wound,0.0,60,zipf,1.3,128,1,1,10,1000,1,15,1,,8.0,19327.4,40802.2,40802.2,40802.2,90,interval,41.0
kv,0,jenn-no-wound,0.0,60,zipf,1.3,128,1,1,10,1000,1,15,1,,91.0,13.6,1409.3,1543.5,1543.5,90,interval,42.0
kv,0,jenn-no-wound,0.0,60,zipf,1.3,128,1,1,10,1000,1,15,1,,5.0,1610.6,32212.3,32212.3,32212.3,90,interval,42.0
kv,0,jenn-no-wound,0.0,60,zipf,1.3,128,1,1,10,1000,1,15,1,,13.0,5.2,838.9,838.9,838.9,90,interval,43.0
kv,0,jenn-no-wound,0.0,60,zipf,1.3,128,1,1,10,1000,1,15,1,,5.0,6710.9,33286.0,33286.0,33286.0,90,interval,43.0
kv,0,jenn-no-wound,0.0,60,zipf,1.3,128,1,1,10,1000,1,15,1,,67.9,13.1,2013.3,2147.5,2415.9,90,interval,44.0
kv,0,jenn-no-wound,0.0,60,zipf,1.3,128,1,1,10,1000,1,15,1,,6.0,2415.9,38654.7,38654.7,38654.7,90,interval,44.0
kv,0,jenn-no-wound,0.0,60,zipf,1.3,128,1,1,10,1000,1,15,1,,10.0,1140.9,1811.9,1811.9,1811.9,90,interval,45.0
kv,0,jenn-no-wound,0.0,60,zipf,1.3,128,1,1,10,1000,1,15,1,,0.0,0.0,0.0,0.0,0.0,90,interval,45.0
kv,0,jenn-no-wound,0.0,60,zipf,1.3,128,1,1,10,1000,1,15,1,,44.0,14.7,1879.0,2147.5,2147.5,90,interval,46.0
kv,0,jenn-no-wound,0.0,60,zipf,1.3,128,1,1,10,1000,1,15,1,,6.0,6174.0,25769.8,25769.8,25769.8,90,interval,46.0
kv,0,jenn-no-wound,0.0,60,zipf,1.3,128,1,1,10,1000,1,15,1,,13.0,973.1,3087.0,3221.2,3221.2,90,interval,47.0
kv,0,jenn-no-wound,0.0,60,zipf,1.3,128,1,1,10,1000,1,15,1,,1.0,9126.8,9126.8,9126.8,9126.8,90,interval,47.0
kv,0,jenn-no-wound,0.0,60,zipf,1.3,128,1,1,10,1000,1,15,1,,16.0,872.4,3489.7,3623.9,3623.9,90,interval,48.0
kv,0,jenn-no-wound,0.0,60,zipf,1.3,128,1,1,10,1000,1,15,1,,3.0,13958.6,22548.6,22548.6,22548.6,90,interval,48.0
kv,0,jenn-no-wound,0.0,60,zipf,1.3,128,1,1,10,1000,1,15,1,,47.0,184.5,2818.6,2952.8,2952.8,90,interval,49.0
kv,0,jenn-no-wound,0.0,60,zipf,1.3,128,1,1,10,1000,1,15,1,,5.0,15569.3,40802.2,40802.2,40802.2,90,interval,49.0
kv,0,jenn-no-wound,0.0,60,zipf,1.3,128,1,1,10,1000,1,15,1,,59.0,109.1,1879.0,1946.2,2550.1,90,interval,50.0
kv,0,jenn-no-wound,0.0,60,zipf,1.3,128,1,1,10,1000,1,15,1,,8.0,13958.6,36507.2,36507.2,36507.2,90,interval,50.0
kv,0,jenn-no-wound,0.0,60,zipf,1.3,128,1,1,10,1000,1,15,1,,40.0,226.5,1208.0,1275.1,1275.1,90,interval,51.0
kv,0,jenn-no-wound,0.0,60,zipf,1.3,128,1,1,10,1000,1,15,1,,20.0,12884.9,45097.2,51539.6,51539.6,90,interval,51.0
kv,0,jenn-no-wound,0.0,60,zipf,1.3,128,1,1,10,1000,1,15,1,,49.0,486.5,1476.4,1744.8,1744.8,90,interval,52.0
kv,0,jenn-no-wound,0.0,60,zipf,1.3,128,1,1,10,1000,1,15,1,,7.0,32212.3,38654.7,38654.7,38654.7,90,interval,52.0
kv,0,jenn-no-wound,0.0,60,zipf,1.3,128,1,1,10,1000,1,15,1,,57.0,486.5,1610.6,1677.7,1879.0,90,interval,53.0
kv,0,jenn-no-wound,0.0,60,zipf,1.3,128,1,1,10,1000,1,15,1,,5.0,1543.5,51539.6,51539.6,51539.6,90,interval,53.0
kv,0,jenn-no-wound,0.0,60,zipf,1.3,128,1,1,10,1000,1,15,1,,15.0,302.0,1040.2,1140.9,1140.9,90,interval,54.0
kv,0,jenn-no-wound,0.0,60,zipf,1.3,128,1,1,10,1000,1,15,1,,0.0,0.0,0.0,0.0,0.0,90,interval,54.0
kv,0,jenn-no-wound,0.0,60,zipf,1.3,128,1,1,10,1000,1,15,1,,43.0,1140.9,4026.5,4563.4,4563.4,90,interval,55.0
kv,0,jenn-no-wound,0.0,60,zipf,1.3,128,1,1,10,1000,1,15,1,,5.0,3489.7,36507.2,36507.2,36507.2,90,interval,55.0
kv,0,jenn-no-wound,0.0,60,zipf,1.3,128,1,1,10,1000,1,15,1,,54.9,872.4,2818.6,3087.0,3087.0,90,interval,56.0
kv,0,jenn-no-wound,0.0,60,zipf,1.3,128,1,1,10,1000,1,15,1,,9.0,3355.4,55834.6,55834.6,55834.6,90,interval,56.0
kv,0,jenn-no-wound,0.0,60,zipf,1.3,128,1,1,10,1000,1,15,1,,31.1,18.9,704.6,805.3,805.3,90,interval,57.0
kv,0,jenn-no-wound,0.0,60,zipf,1.3,128,1,1,10,1000,1,15,1,,3.0,671.1,805.3,805.3,805.3,90,interval,57.0
kv,0,jenn-no-wound,0.0,60,zipf,1.3,128,1,1,10,1000,1,15,1,,9.0,1744.8,2013.3,2013.3,2013.3,90,interval,58.0
kv,0,jenn-no-wound,0.0,60,zipf,1.3,128,1,1,10,1000,1,15,1,,0.0,0.0,0.0,0.0,0.0,90,interval,58.0
kv,0,jenn-no-wound,0.0,60,zipf,1.3,128,1,1,10,1000,1,15,1,,136.8,117.4,2550.1,2818.6,2818.6,90,interval,59.0
kv,0,jenn-no-wound,0.0,60,zipf,1.3,128,1,1,10,1000,1,15,1,,16.0,6174.0,60129.5,60129.5,60129.5,90,interval,59.0
kv,0,jenn-no-wound,0.0,60,zipf,1.3,128,1,1,10,1000,1,15,1,read,65.5,243.3,1946.2,2952.8,10200.5,90,total,60.0
kv,0,jenn-no-wound,0.0,60,zipf,1.3,128,1,1,10,1000,1,15,1,write,6.0,3221.2,33286.0,51539.6,60129.5,90,total,60.0
kv,0,jenn-no-wound,0.0,60,zipf,1.3,128,1,1,10,1000,1,15,1,aggregate,71.4,318.8,2952.8,22548.6,60129.5,90,total_aggregate,60.0
kv,0,jenn-no-wound,0.0,60,zipf,1.2,128,1,1,10,1000,1,15,1,,30.0,56.6,604.0,637.5,872.4,90,interval,1.0
kv,0,jenn-no-wound,0.0,60,zipf,1.2,128,1,1,10,1000,1,15,1,,1.0,637.5,872.4,872.4,872.4,90,interval,1.0
kv,0,jenn-no-wound,0.0,60,zipf,1.2,128,1,1,10,1000,1,15,1,,146.2,536.9,1006.6,1040.2,1409.3,90,interval,2.0
kv,0,jenn-no-wound,0.0,60,zipf,1.2,128,1,1,10,1000,1,15,1,,12.0,872.4,1677.7,1946.2,1946.2,90,interval,2.0
kv,0,jenn-no-wound,0.0,60,zipf,1.2,128,1,1,10,1000,1,15,1,,114.1,453.0,906.0,2013.3,2013.3,90,interval,3.0
kv,0,jenn-no-wound,0.0,60,zipf,1.2,128,1,1,10,1000,1,15,1,,9.0,1476.4,2550.1,2550.1,2550.1,90,interval,3.0
kv,0,jenn-no-wound,0.0,60,zipf,1.2,128,1,1,10,1000,1,15,1,,143.9,469.8,2952.8,3489.7,3489.7,90,interval,4.0
kv,0,jenn-no-wound,0.0,60,zipf,1.2,128,1,1,10,1000,1,15,1,,12.0,2013.3,3489.7,3489.7,3489.7,90,interval,4.0
kv,0,jenn-no-wound,0.0,60,zipf,1.2,128,1,1,10,1000,1,15,1,,20.0,1040.2,1073.7,1275.1,1275.1,90,interval,5.0
kv,0,jenn-no-wound,0.0,60,zipf,1.2,128,1,1,10,1000,1,15,1,,3.0,4295.0,4295.0,4295.0,4295.0,90,interval,5.0
kv,0,jenn-no-wound,0.0,60,zipf,1.2,128,1,1,10,1000,1,15,1,,149.7,604.0,2281.7,2415.9,3355.4,90,interval,6.0
kv,0,jenn-no-wound,0.0,60,zipf,1.2,128,1,1,10,1000,1,15,1,,19.0,2818.6,5637.1,6174.0,6174.0,90,interval,6.0
kv,0,jenn-no-wound,0.0,60,zipf,1.2,128,1,1,10,1000,1,15,1,,242.0,184.5,771.8,1677.7,1677.7,90,interval,7.0
kv,0,jenn-no-wound,0.0,60,zipf,1.2,128,1,1,10,1000,1,15,1,,13.0,939.5,6174.0,6174.0,6174.0,90,interval,7.0
kv,0,jenn-no-wound,0.0,60,zipf,1.2,128,1,1,10,1000,1,15,1,,123.1,402.7,1342.2,1476.4,1543.5,90,interval,8.0
kv,0,jenn-no-wound,0.0,60,zipf,1.2,128,1,1,10,1000,1,15,1,,15.0,1811.9,5637.1,6710.9,6710.9,90,interval,8.0
kv,0,jenn-no-wound,0.0,60,zipf,1.2,128,1,1,10,1000,1,15,1,,50.0,805.3,1208.0,1744.8,1744.8,90,interval,9.0
kv,0,jenn-no-wound,0.0,60,zipf,1.2,128,1,1,10,1000,1,15,1,,1.0,838.9,838.9,838.9,838.9,90,interval,9.0
kv,0,jenn-no-wound,0.0,60,zipf,1.2,128,1,1,10,1000,1,15,1,,27.0,1476.4,1811.9,2080.4,2080.4,90,interval,10.0
kv,0,jenn-no-wound,0.0,60,zipf,1.2,128,1,1,10,1000,1,15,1,,0.0,0.0,0.0,0.0,0.0,90,interval,10.0
kv,0,jenn-no-wound,0.0,60,zipf,1.2,128,1,1,10,1000,1,15,1,,96.9,436.2,2147.5,3087.0,3489.7,90,interval,11.0
kv,0,jenn-no-wound,0.0,60,zipf,1.2,128,1,1,10,1000,1,15,1,,12.0,3087.0,4563.4,10200.5,10200.5,90,interval,11.0
kv,0,jenn-no-wound,0.0,60,zipf,1.2,128,1,1,10,1000,1,15,1,,88.0,402.7,1040.2,2415.9,2415.9,90,interval,12.0
kv,0,jenn-no-wound,0.0,60,zipf,1.2,128,1,1,10,1000,1,15,1,,4.0,1040.2,10200.5,10200.5,10200.5,90,interval,12.0
kv,0,jenn-no-wound,0.0,60,zipf,1.2,128,1,1,10,1000,1,15,1,,38.0,335.5,1409.3,1543.5,1543.5,90,interval,13.0
kv,0,jenn-no-wound,0.0,60,zipf,1.2,128,1,1,10,1000,1,15,1,,8.0,3758.1,6979.3,6979.3,6979.3,90,interval,13.0
kv,0,jenn-no-wound,0.0,60,zipf,1.2,128,1,1,10,1000,1,15,1,,89.9,302.0,1744.8,1811.9,1879.0,90,interval,14.0
kv,0,jenn-no-wound,0.0,60,zipf,1.2,128,1,1,10,1000,1,15,1,,14.0,2684.4,12348.0,13958.6,13958.6,90,interval,14.0
kv,0,jenn-no-wound,0.0,60,zipf,1.2,128,1,1,10,1000,1,15,1,,54.0,939.5,1342.2,1342.2,1342.2,90,interval,15.0
kv,0,jenn-no-wound,0.0,60,zipf,1.2,128,1,1,10,1000,1,15,1,,18.0,1208.0,11811.2,13421.8,13421.8,90,interval,15.0
kv,0,jenn-no-wound,0.0,60,zipf,1.2,128,1,1,10,1000,1,15,1,,145.1,385.9,1543.5,2013.3,2013.3,90,interval,16.0
kv,0,jenn-no-wound,0.0,60,zipf,1.2,128,1,1,10,1000,1,15,1,,9.0,4563.4,16106.1,16106.1,16106.1,90,interval,16.0
kv,0,jenn-no-wound,0.0,60,zipf,1.2,128,1,1,10,1000,1,15,1,,35.0,503.3,771.8,838.9,838.9,90,interval,17.0
kv,0,jenn-no-wound,0.0,60,zipf,1.2,128,1,1,10,1000,1,15,1,,3.0,704.6,805.3,805.3,805.3,90,interval,17.0
kv,0,jenn-no-wound,0.0,60,zipf,1.2,128,1,1,10,1000,1,15,1,,39.0,1073.7,1610.6,2013.3,2013.3,90,interval,18.0
kv,0,jenn-no-wound,0.0,60,zipf,1.2,128,1,1,10,1000,1,15,1,,5.0,10737.4,11274.3,11274.3,11274.3,90,interval,18.0
kv,0,jenn-no-wound,0.0,60,zipf,1.2,128,1,1,10,1000,1,15,1,,203.8,167.8,1476.4,1879.0,1946.2,90,interval,19.0
kv,0,jenn-no-wound,0.0,60,zipf,1.2,128,1,1,10,1000,1,15,1,,25.0,1946.2,10737.4,11811.2,11811.2,90,interval,19.0
kv,0,jenn-no-wound,0.0,60,zipf,1.2,128,1,1,10,1000,1,15,1,,59.1,436.2,1275.1,1342.2,1342.2,90,interval,20.0
kv,0,jenn-no-wound,0.0,60,zipf,1.2,128,1,1,10,1000,1,15,1,,1.0,939.5,939.5,939.5,939.5,90,interval,20.0
kv,0,jenn-no-wound,0.0,60,zipf,1.2,128,1,1,10,1000,1,15,1,,71.9,805.3,1811.9,2080.4,2080.4,90,interval,21.0
kv,0,jenn-no-wound,0.0,60,zipf,1.2,128,1,1,10,1000,1,15,1,,7.0,1879.0,12348.0,12348.0,12348.0,90,interval,21.0
kv,0,jenn-no-wound,0.0,60,zipf,1.2,128,1,1,10,1000,1,15,1,,72.1,704.6,1342.2,1946.2,1946.2,90,interval,22.0
kv,0,jenn-no-wound,0.0,60,zipf,1.2,128,1,1,10,1000,1,15,1,,9.0,1342.2,15032.4,15032.4,15032.4,90,interval,22.0
kv,0,jenn-no-wound,0.0,60,zipf,1.2,128,1,1,10,1000,1,15,1,,106.0,234.9,1208.0,1342.2,1879.0,90,interval,23.0
kv,0,jenn-no-wound,0.0,60,zipf,1.2,128,1,1,10,1000,1,15,1,,9.0,3489.7,20401.1,20401.1,20401.1,90,interval,23.0
kv,0,jenn-no-wound,0.0,60,zipf,1.2,128,1,1,10,1000,1,15,1,,124.0,151.0,1409.3,1879.0,1879.0,90,interval,24.0
kv,0,jenn-no-wound,0.0,60,zipf,1.2,128,1,1,10,1000,1,15,1,,9.0,15569.3,23622.3,23622.3,23622.3,90,interval,24.0
kv,0,jenn-no-wound,0.0,60,zipf,1.2,128,1,1,10,1000,1,15,1,,106.0,285.2,1006.6,1476.4,1610.6,90,interval,25.0
kv,0,jenn-no-wound,0.0,60,zipf,1.2,128,1,1,10,1000,1,15,1,,9.0,939.5,6979.3,6979.3,6979.3,90,interval,25.0
kv,0,jenn-no-wound,0.0,60,zipf,1.2,128,1,1,10,1000,1,15,1,,71.0,486.5,1409.3,1543.5,1744.8,90,interval,26.0
kv,0,jenn-no-wound,0.0,60,zipf,1.2,128,1,1,10,1000,1,15,1,,5.0,805.3,19327.4,19327.4,19327.4,90,interval,26.0
kv,0,jenn-no-wound,0.0,60,zipf,1.2,128,1,1,10,1000,1,15,1,,96.0,436.2,1208.0,1342.2,1409.3,90,interval,27.0
kv,0,jenn-no-wound,0.0,60,zipf,1.2,128,1,1,10,1000,1,15,1,,9.0,2415.9,12348.0,12348.0,12348.0,90,interval,27.0
kv,0,jenn-no-wound,0.0,60,zipf,1.2,128,1,1,10,1000,1,15,1,,35.0,109.1,1140.9,1208.0,1208.0,90,interval,28.0
kv,0,jenn-no-wound,0.0,60,zipf,1.2,128,1,1,10,1000,1,15,1,,1.0,20401.1,20401.1,20401.1,20401.1,90,interval,28.0
kv,0,jenn-no-wound,0.0,60,zipf,1.2,128,1,1,10,1000,1,15,1,,85.9,176.2,2415.9,2415.9,2415.9,90,interval,29.0
kv,0,jenn-no-wound,0.0,60,zipf,1.2,128,1,1,10,1000,1,15,1,,16.0,1610.6,19327.4,22548.6,22548.6,90,interval,29.0
kv,0,jenn-no-wound,0.0,60,zipf,1.2,128,1,1,10,1000,1,15,1,,22.0,5.8,209.7,352.3,352.3,90,interval,30.0
kv,0,jenn-no-wound,0.0,60,zipf,1.2,128,1,1,10,1000,1,15,1,,3.0,385.9,3892.3,3892.3,3892.3,90,interval,30.0
kv,0,jenn-no-wound,0.0,60,zipf,1.2,128,1,1,10,1000,1,15,1,,80.9,142.6,1879.0,1879.0,2013.3,90,interval,31.0
kv,0,jenn-no-wound,0.0,60,zipf,1.2,128,1,1,10,1000,1,15,1,,6.0,4831.8,24696.1,24696.1,24696.1,90,interval,31.0
kv,0,jenn-no-wound,0.0,60,zipf,1.2,128,1,1,10,1000,1,15,1,,61.0,469.8,738.2,805.3,872.4,90,interval,32.0
kv,0,jenn-no-wound,0.0,60,zipf,1.2,128,1,1,10,1000,1,15,1,,9.0,7784.6,28991.0,28991.0,28991.0,90,interval,32.0
kv,0,jenn-no-wound,0.0,60,zipf,1.2,128,1,1,10,1000,1,15,1,,59.0,486.5,1409.3,1543.5,1543.5,90,interval,33.0
kv,0,jenn-no-wound,0.0,60,zipf,1.2,128,1,1,10,1000,1,15,1,,6.0,2080.4,33286.0,33286.0,33286.0,90,interval,33.0
kv,0,jenn-no-wound,0.0,60,zipf,1.2,128,1,1,10,1000,1,15,1,,66.0,268.4,738.2,939.5,1543.5,90,interval,34.0
kv,0,jenn-no-wound,0.0,60,zipf,1.2,128,1,1,10,1000,1,15,1,,12.0,1040.2,18253.6,34359.7,34359.7,90,interval,34.0
kv,0,jenn-no-wound,0.0,60,zipf,1.2,128,1,1,10,1000,1,15,1,,24.0,838.9,1610.6,1677.7,1677.7,90,interval,35.0
kv,0,jenn-no-wound,0.0,60,zipf,1.2,128,1,1,10,1000,1,15,1,,7.0,9663.7,16643.0,16643.0,16643.0,90,interval,35.0
kv,0,jenn-no-wound,0.0,60,zipf,1.2,128,1,1,10,1000,1,15,1,,99.9,159.4,1879.0,2080.4,2147.5,90,interval,36.0
kv,0,jenn-no-wound,0.0,60,zipf,1.2,128,1,1,10,1000,1,15,1,,13.0,5100.3,11811.2,12348.0,12348.0,90,interval,36.0
kv,0,jenn-no-wound,0.0,60,zipf,1.2,128,1,1,10,1000,1,15,1,,87.0,218.1,637.5,671.1,771.8,90,interval,37.0
kv,0,jenn-no-wound,0.0,60,zipf,1.2,128,1,1,10,1000,1,15,1,,10.0,3355.4,36507.2,36507.2,36507.2,90,interval,37.0
kv,0,jenn-no-wound,0.0,60,zipf,1.2,128,1,1,10,1000,1,15,1,,3.0,6.0,1610.6,1610.6,1610.6,90,interval,38.0
kv,0,jenn-no-wound,0.0,60,zipf,1.2,128,1,1,10,1000,1,15,1,,0.0,0.0,0.0,0.0,0.0,90,interval,38.0
kv,0,jenn-no-wound,0.0,60,zipf,1.2,128,1,1,10,1000,1,15,1,,28.0,8.1,2415.9,2415.9,2415.9,90,interval,39.0
kv,0,jenn-no-wound,0.0,60,zipf,1.2,128,1,1,10,1000,1,15,1,,1.0,8053.1,8053.1,8053.1,8053.1,90,interval,39.0
kv,0,jenn-no-wound,0.0,60,zipf,1.2,128,1,1,10,1000,1,15,1,,47.9,520.1,3489.7,3758.1,3758.1,90,interval,40.0
kv,0,jenn-no-wound,0.0,60,zipf,1.2,128,1,1,10,1000,1,15,1,,4.0,2684.4,8053.1,8053.1,8053.1,90,interval,40.0
kv,0,jenn-no-wound,0.0,60,zipf,1.2,128,1,1,10,1000,1,15,1,,111.1,142.6,1275.1,3892.3,4160.7,90,interval,41.0
kv,0,jenn-no-wound,0.0,60,zipf,1.2,128,1,1,10,1000,1,15,1,,14.0,4831.8,16106.1,36507.2,36507.2,90,interval,41.0
kv,0,jenn-no-wound,0.0,60,zipf,1.2,128,1,1,10,1000,1,15,1,,4.0,15.2,604.0,604.0,604.0,90,interval,42.0
kv,0,jenn-no-wound,0.0,60,zipf,1.2,128,1,1,10,1000,1,15,1,,0.0,0.0,0.0,0.0,0.0,90,interval,42.0
kv,0,jenn-no-wound,0.0,60,zipf,1.2,128,1,1,10,1000,1,15,1,,16.0,2080.4,2415.9,2415.9,2415.9,90,interval,43.0
kv,0,jenn-no-wound,0.0,60,zipf,1.2,128,1,1,10,1000,1,15,1,,1.0,13958.6,13958.6,13958.6,13958.6,90,interval,43.0
kv,0,jenn-no-wound,0.0,60,zipf,1.2,128,1,1,10,1000,1,15,1,,2.0,2818.6,3087.0,3087.0,3087.0,90,interval,44.0
kv,0,jenn-no-wound,0.0,60,zipf,1.2,128,1,1,10,1000,1,15,1,,2.0,8053.1,18253.6,18253.6,18253.6,90,interval,44.0
kv,0,jenn-no-wound,0.0,60,zipf,1.2,128,1,1,10,1000,1,15,1,,1.0,419.4,419.4,419.4,419.4,90,interval,45.0
kv,0,jenn-no-wound,0.0,60,zipf,1.2,128,1,1,10,1000,1,15,1,,0.0,0.0,0.0,0.0,0.0,90,interval,45.0
kv,0,jenn-no-wound,0.0,60,zipf,1.2,128,1,1,10,1000,1,15,1,,2.0,5.2,2952.8,2952.8,2952.8,90,interval,46.0
kv,0,jenn-no-wound,0.0,60,zipf,1.2,128,1,1,10,1000,1,15,1,,0.0,0.0,0.0,0.0,0.0,90,interval,46.0
kv,0,jenn-no-wound,0.0,60,zipf,1.2,128,1,1,10,1000,1,15,1,,2.0,5.2,3892.3,3892.3,3892.3,90,interval,47.0
kv,0,jenn-no-wound,0.0,60,zipf,1.2,128,1,1,10,1000,1,15,1,,0.0,0.0,0.0,0.0,0.0,90,interval,47.0
kv,0,jenn-no-wound,0.0,60,zipf,1.2,128,1,1,10,1000,1,15,1,,5.0,5368.7,5368.7,5368.7,5368.7,90,interval,48.0
kv,0,jenn-no-wound,0.0,60,zipf,1.2,128,1,1,10,1000,1,15,1,,0.0,0.0,0.0,0.0,0.0,90,interval,48.0
kv,0,jenn-no-wound,0.0,60,zipf,1.2,128,1,1,10,1000,1,15,1,,1.0,1040.2,1040.2,1040.2,1040.2,90,interval,49.0
kv,0,jenn-no-wound,0.0,60,zipf,1.2,128,1,1,10,1000,1,15,1,,0.0,0.0,0.0,0.0,0.0,90,interval,49.0
kv,0,jenn-no-wound,0.0,60,zipf,1.2,128,1,1,10,1000,1,15,1,,71.9,159.4,9126.8,9126.8,9126.8,90,interval,50.0
kv,0,jenn-no-wound,0.0,60,zipf,1.2,128,1,1,10,1000,1,15,1,,11.0,16643.0,38654.7,42949.7,42949.7,90,interval,50.0
kv,0,jenn-no-wound,0.0,60,zipf,1.2,128,1,1,10,1000,1,15,1,,72.0,130.0,1409.3,7784.6,7784.6,90,interval,51.0
kv,0,jenn-no-wound,0.0,60,zipf,1.2,128,1,1,10,1000,1,15,1,,9.0,9663.7,31138.5,31138.5,31138.5,90,interval,51.0
kv,0,jenn-no-wound,0.0,60,zipf,1.2,128,1,1,10,1000,1,15,1,,2.0,1342.2,1476.4,1476.4,1476.4,90,interval,52.0
kv,0,jenn-no-wound,0.0,60,zipf,1.2,128,1,1,10,1000,1,15,1,,2.0,1543.5,11274.3,11274.3,11274.3,90,interval,52.0
kv,0,jenn-no-wound,0.0,60,zipf,1.2,128,1,1,10,1000,1,15,1,,39.0,1610.6,2147.5,2281.7,2281.7,90,interval,53.0
kv,0,jenn-no-wound,0.0,60,zipf,1.2,128,1,1,10,1000,1,15,1,,4.0,2013.3,12884.9,12884.9,12884.9,90,interval,53.0
kv,0,jenn-no-wound,0.0,60,zipf,1.2,128,1,1,10,1000,1,15,1,,63.0,385.9,3221.2,3221.2,3221.2,90,interval,54.0
kv,0,jenn-no-wound,0.0,60,zipf,1.2,128,1,1,10,1000,1,15,1,,11.0,18253.6,53687.1,53687.1,53687.1,90,interval,54.0
kv,0,jenn-no-wound,0.0,60,zipf,1.2,128,1,1,10,1000,1,15,1,,19.0,402.7,1073.7,1208.0,1208.0,90,interval,55.0
kv,0,jenn-no-wound,0.0,60,zipf,1.2,128,1,1,10,1000,1,15,1,,1.0,385.9,385.9,385.9,385.9,90,interval,55.0
kv,0,jenn-no-wound,0.0,60,zipf,1.2,128,1,1,10,1000,1,15,1,,4.0,1677.7,1879.0,1879.0,1879.0,90,interval,56.0
kv,0,jenn-no-wound,0.0,60,zipf,1.2,128,1,1,10,1000,1,15,1,,0.0,0.0,0.0,0.0,0.0,90,interval,56.0
kv,0,jenn-no-wound,0.0,60,zipf,1.2,128,1,1,10,1000,1,15,1,,40.0,2281.7,2818.6,2952.8,2952.8,90,interval,57.0
kv,0,jenn-no-wound,0.0,60,zipf,1.2,128,1,1,10,1000,1,15,1,,5.0,31138.5,57982.1,57982.1,57982.1,90,interval,57.0
kv,0,jenn-no-wound,0.0,60,zipf,1.2,128,1,1,10,1000,1,15,1,,89.9,142.6,3892.3,4026.5,4026.5,90,interval,58.0
kv,0,jenn-no-wound,0.0,60,zipf,1.2,128,1,1,10,1000,1,15,1,,11.0,17179.9,36507.2,53687.1,53687.1,90,interval,58.0
kv,0,jenn-no-wound,0.0,60,zipf,1.2,128,1,1,10,1000,1,15,1,,97.0,192.9,1610.6,2147.5,2415.9,90,interval,59.0
kv,0,jenn-no-wound,0.0,60,zipf,1.2,128,1,1,10,1000,1,15,1,,15.0,22548.6,40802.2,55834.6,55834.6,90,interval,59.0
kv,0,jenn-no-wound,0.0,60,zipf,1.2,128,1,1,10,1000,1,15,1,read,68.9,318.8,2013.3,3623.9,9126.8,90,total,60.0
kv,0,jenn-no-wound,0.0,60,zipf,1.2,128,1,1,10,1000,1,15,1,write,7.0,2550.1,31138.5,53687.1,57982.1,90,total,60.0
kv,0,jenn-no-wound,0.0,60,zipf,1.2,128,1,1,10,1000,1,15,1,aggregate,76.0,402.7,3489.7,18253.6,57982.1,90,total_aggregate,60.0
kv,0,jenn-no-wound,0.0,60,zipf,1.6,128,1,1,10,1000,1,15,1,,38.6,28.3,184.5,604.0,604.0,90,interval,1.0
kv,0,jenn-no-wound,0.0,60,zipf,1.6,128,1,1,10,1000,1,15,1,,0.7,71.3,486.5,486.5,486.5,90,interval,1.0
kv,0,jenn-no-wound,0.0,60,zipf,1.6,128,1,1,10,1000,1,15,1,,68.1,872.4,1744.8,1744.8,1811.9,90,interval,2.0
kv,0,jenn-no-wound,0.0,60,zipf,1.6,128,1,1,10,1000,1,15,1,,3.0,1476.4,1677.7,1677.7,1677.7,90,interval,2.0
kv,0,jenn-no-wound,0.0,60,zipf,1.6,128,1,1,10,1000,1,15,1,,218.6,8.1,2147.5,2281.7,2952.8,90,interval,3.0
kv,0,jenn-no-wound,0.0,60,zipf,1.6,128,1,1,10,1000,1,15,1,,6.0,2147.5,2415.9,2415.9,2415.9,90,interval,3.0
kv,0,jenn-no-wound,0.0,60,zipf,1.6,128,1,1,10,1000,1,15,1,,59.1,7.6,1744.8,1744.8,1744.8,90,interval,4.0
kv,0,jenn-no-wound,0.0,60,zipf,1.6,128,1,1,10,1000,1,15,1,,1.0,1543.5,1543.5,1543.5,1543.5,90,interval,4.0
kv,0,jenn-no-wound,0.0,60,zipf,1.6,128,1,1,10,1000,1,15,1,,135.9,13.1,3355.4,3892.3,4160.7,90,interval,5.0
kv,0,jenn-no-wound,0.0,60,zipf,1.6,128,1,1,10,1000,1,15,1,,3.0,2550.1,4160.7,4160.7,4160.7,90,interval,5.0
kv,0,jenn-no-wound,0.0,60,zipf,1.6,128,1,1,10,1000,1,15,1,,162.9,6.6,1811.9,2415.9,2550.1,90,interval,6.0
kv,0,jenn-no-wound,0.0,60,zipf,1.6,128,1,1,10,1000,1,15,1,,7.0,2147.5,5637.1,5637.1,5637.1,90,interval,6.0
kv,0,jenn-no-wound,0.0,60,zipf,1.6,128,1,1,10,1000,1,15,1,,101.1,6.0,1342.2,1409.3,1409.3,90,interval,7.0
kv,0,jenn-no-wound,0.0,60,zipf,1.6,128,1,1,10,1000,1,15,1,,5.0,1409.3,1879.0,1879.0,1879.0,90,interval,7.0
kv,0,jenn-no-wound,0.0,60,zipf,1.6,128,1,1,10,1000,1,15,1,,158.0,6.3,1543.5,1677.7,1744.8,90,interval,8.0
kv,0,jenn-no-wound,0.0,60,zipf,1.6,128,1,1,10,1000,1,15,1,,20.0,704.6,3221.2,6442.5,6442.5,90,interval,8.0
kv,0,jenn-no-wound,0.0,60,zipf,1.6,128,1,1,10,1000,1,15,1,,17.0,570.4,1744.8,2013.3,2013.3,90,interval,9.0
kv,0,jenn-no-wound,0.0,60,zipf,1.6,128,1,1,10,1000,1,15,1,,2.0,771.8,805.3,805.3,805.3,90,interval,9.0
kv,0,jenn-no-wound,0.0,60,zipf,1.6,128,1,1,10,1000,1,15,1,,83.0,6.0,2013.3,2080.4,2147.5,90,interval,10.0
kv,0,jenn-no-wound,0.0,60,zipf,1.6,128,1,1,10,1000,1,15,1,,7.0,1946.2,2013.3,2013.3,2013.3,90,interval,10.0
kv,0,jenn-no-wound,0.0,60,zipf,1.6,128,1,1,10,1000,1,15,1,,77.0,7.3,1543.5,1543.5,2080.4,90,interval,11.0
kv,0,jenn-no-wound,0.0,60,zipf,1.6,128,1,1,10,1000,1,15,1,,1.0,9663.7,9663.7,9663.7,9663.7,90,interval,11.0
kv,0,jenn-no-wound,0.0,60,zipf,1.6,128,1,1,10,1000,1,15,1,,60.0,6.0,2281.7,3087.0,3087.0,90,interval,12.0
kv,0,jenn-no-wound,0.0,60,zipf,1.6,128,1,1,10,1000,1,15,1,,14.0,9663.7,11811.2,11811.2,11811.2,90,interval,12.0
kv,0,jenn-no-wound,0.0,60,zipf,1.6,128,1,1,10,1000,1,15,1,,114.9,6.6,604.0,1342.2,1342.2,90,interval,13.0
kv,0,jenn-no-wound,0.0,60,zipf,1.6,128,1,1,10,1000,1,15,1,,5.0,1342.2,10737.4,10737.4,10737.4,90,interval,13.0
kv,0,jenn-no-wound,0.0,60,zipf,1.6,128,1,1,10,1000,1,15,1,,0.0,0.0,0.0,0.0,0.0,90,interval,14.0
kv,0,jenn-no-wound,0.0,60,zipf,1.6,128,1,1,10,1000,1,15,1,,0.0,0.0,0.0,0.0,0.0,90,interval,14.0
kv,0,jenn-no-wound,0.0,60,zipf,1.6,128,1,1,10,1000,1,15,1,,8.0,1744.8,2281.7,2281.7,2281.7,90,interval,15.0
kv,0,jenn-no-wound,0.0,60,zipf,1.6,128,1,1,10,1000,1,15,1,,0.0,0.0,0.0,0.0,0.0,90,interval,15.0
kv,0,jenn-no-wound,0.0,60,zipf,1.6,128,1,1,10,1000,1,15,1,,0.0,0.0,0.0,0.0,0.0,90,interval,16.0
kv,0,jenn-no-wound,0.0,60,zipf,1.6,128,1,1,10,1000,1,15,1,,0.0,0.0,0.0,0.0,0.0,90,interval,16.0
kv,0,jenn-no-wound,0.0,60,zipf,1.6,128,1,1,10,1000,1,15,1,,2.0,10.5,1476.4,1476.4,1476.4,90,interval,17.0
kv,0,jenn-no-wound,0.0,60,zipf,1.6,128,1,1,10,1000,1,15,1,,0.0,0.0,0.0,0.0,0.0,90,interval,17.0
kv,0,jenn-no-wound,0.0,60,zipf,1.6,128,1,1,10,1000,1,15,1,,6.0,17.8,4831.8,4831.8,4831.8,90,interval,18.0
kv,0,jenn-no-wound,0.0,60,zipf,1.6,128,1,1,10,1000,1,15,1,,0.0,0.0,0.0,0.0,0.0,90,interval,18.0
kv,0,jenn-no-wound,0.0,60,zipf,1.6,128,1,1,10,1000,1,15,1,,11.0,5.2,2550.1,4026.5,4026.5,90,interval,19.0
kv,0,jenn-no-wound,0.0,60,zipf,1.6,128,1,1,10,1000,1,15,1,,0.0,0.0,0.0,0.0,0.0,90,interval,19.0
kv,0,jenn-no-wound,0.0,60,zipf,1.6,128,1,1,10,1000,1,15,1,,1.0,4831.8,4831.8,4831.8,4831.8,90,interval,20.0
kv,0,jenn-no-wound,0.0,60,zipf,1.6,128,1,1,10,1000,1,15,1,,0.0,0.0,0.0,0.0,0.0,90,interval,20.0
kv,0,jenn-no-wound,0.0,60,zipf,1.6,128,1,1,10,1000,1,15,1,,9.0,6.0,1946.2,1946.2,1946.2,90,interval,21.0
kv,0,jenn-no-wound,0.0,60,zipf,1.6,128,1,1,10,1000,1,15,1,,3.0,15032.4,20401.1,20401.1,20401.1,90,interval,21.0
kv,0,jenn-no-wound,0.0,60,zipf,1.6,128,1,1,10,1000,1,15,1,,16.0,6.8,9126.8,9126.8,9126.8,90,interval,22.0
kv,0,jenn-no-wound,0.0,60,zipf,1.6,128,1,1,10,1000,1,15,1,,1.0,10200.5,10200.5,10200.5,10200.5,90,interval,22.0
kv,0,jenn-no-wound,0.0,60,zipf,1.6,128,1,1,10,1000,1,15,1,,20.0,5.8,1208.0,1208.0,1208.0,90,interval,23.0
kv,0,jenn-no-wound,0.0,60,zipf,1.6,128,1,1,10,1000,1,15,1,,7.0,10737.4,22548.6,22548.6,22548.6,90,interval,23.0
kv,0,jenn-no-wound,0.0,60,zipf,1.6,128,1,1,10,1000,1,15,1,,117.9,5.8,738.2,3087.0,3892.3,90,interval,24.0
kv,0,jenn-no-wound,0.0,60,zipf,1.6,128,1,1,10,1000,1,15,1,,13.0,13958.6,21474.8,23622.3,23622.3,90,interval,24.0
kv,0,jenn-no-wound,0.0,60,zipf,1.6,128,1,1,10,1000,1,15,1,,43.0,7.1,1140.9,1543.5,1543.5,90,interval,25.0
kv,0,jenn-no-wound,0.0,60,zipf,1.6,128,1,1,10,1000,1,15,1,,5.0,1208.0,14495.5,14495.5,14495.5,90,interval,25.0
kv,0,jenn-no-wound,0.0,60,zipf,1.6,128,1,1,10,1000,1,15,1,,50.0,6.0,1610.6,1946.2,1946.2,90,interval,26.0
kv,0,jenn-no-wound,0.0,60,zipf,1.6,128,1,1,10,1000,1,15,1,,4.0,2147.5,23622.3,23622.3,23622.3,90,interval,26.0
kv,0,jenn-no-wound,0.0,60,zipf,1.6,128,1,1,10,1000,1,15,1,,40.0,13.6,1342.2,1677.7,1677.7,90,interval,27.0
kv,0,jenn-no-wound,0.0,60,zipf,1.6,128,1,1,10,1000,1,15,1,,6.0,2952.8,24696.1,24696.1,24696.1,90,interval,27.0
kv,0,jenn-no-wound,0.0,60,zipf,1.6,128,1,1,10,1000,1,15,1,,72.0,5.5,872.4,973.1,1073.7,90,interval,28.0
kv,0,jenn-no-wound,0.0,60,zipf,1.6,128,1,1,10,1000,1,15,1,,11.0,25769.8,27917.3,27917.3,27917.3,90,interval,28.0
kv,0,jenn-no-wound,0.0,60,zipf,1.6,128,1,1,10,1000,1,15,1,,53.0,5.5,486.5,1040.2,1073.7,90,interval,29.0
kv,0,jenn-no-wound,0.0,60,zipf,1.6,128,1,1,10,1000,1,15,1,,8.0,1208.0,27917.3,27917.3,27917.3,90,interval,29.0
kv,0,jenn-no-wound,0.0,60,zipf,1.6,128,1,1,10,1000,1,15,1,,9.0,1140.9,1342.2,1342.2,1342.2,90,interval,30.0
kv,0,jenn-no-wound,0.0,60,zipf,1.6,128,1,1,10,1000,1,15,1,,1.0,30064.8,30064.8,30064.8,30064.8,90,interval,30.0
kv,0,jenn-no-wound,0.0,60,zipf,1.6,128,1,1,10,1000,1,15,1,,49.0,5.8,2415.9,2550.1,2550.1,90,interval,31.0
kv,0,jenn-no-wound,0.0,60,zipf,1.6,128,1,1,10,1000,1,15,1,,2.0,2147.5,19327.4,19327.4,19327.4,90,interval,31.0
kv,0,jenn-no-wound,0.0,60,zipf,1.6,128,1,1,10,1000,1,15,1,,98.0,6.0,939.5,1811.9,1946.2,90,interval,32.0
kv,0,jenn-no-wound,0.0,60,zipf,1.6,128,1,1,10,1000,1,15,1,,13.0,5637.1,21474.8,32212.3,32212.3,90,interval,32.0
kv,0,jenn-no-wound,0.0,60,zipf,1.6,128,1,1,10,1000,1,15,1,,0.0,0.0,0.0,0.0,0.0,90,interval,33.0
kv,0,jenn-no-wound,0.0,60,zipf,1.6,128,1,1,10,1000,1,15,1,,0.0,0.0,0.0,0.0,0.0,90,interval,33.0
kv,0,jenn-no-wound,0.0,60,zipf,1.6,128,1,1,10,1000,1,15,1,,69.0,5.2,2415.9,2415.9,2415.9,90,interval,34.0
kv,0,jenn-no-wound,0.0,60,zipf,1.6,128,1,1,10,1000,1,15,1,,3.0,2147.5,9663.7,9663.7,9663.7,90,interval,34.0
kv,0,jenn-no-wound,0.0,60,zipf,1.6,128,1,1,10,1000,1,15,1,,117.9,6.0,805.3,2415.9,2415.9,90,interval,35.0
kv,0,jenn-no-wound,0.0,60,zipf,1.6,128,1,1,10,1000,1,15,1,,10.0,6710.9,36507.2,36507.2,36507.2,90,interval,35.0
kv,0,jenn-no-wound,0.0,60,zipf,1.6,128,1,1,10,1000,1,15,1,,25.0,6.0,771.8,973.1,973.1,90,interval,36.0
kv,0,jenn-no-wound,0.0,60,zipf,1.6,128,1,1,10,1000,1,15,1,,4.0,771.8,10200.5,10200.5,10200.5,90,interval,36.0
kv,0,jenn-no-wound,0.0,60,zipf,1.6,128,1,1,10,1000,1,15,1,,65.0,14.2,1543.5,1543.5,1543.5,90,interval,37.0
kv,0,jenn-no-wound,0.0,60,zipf,1.6,128,1,1,10,1000,1,15,1,,6.0,7784.6,34359.7,34359.7,34359.7,90,interval,37.0
kv,0,jenn-no-wound,0.0,60,zipf,1.6,128,1,1,10,1000,1,15,1,,41.0,7.1,1073.7,1140.9,1140.9,90,interval,38.0
kv,0,jenn-no-wound,0.0,60,zipf,1.6,128,1,1,10,1000,1,15,1,,3.0,1275.1,25769.8,25769.8,25769.8,90,interval,38.0
kv,0,jenn-no-wound,0.0,60,zipf,1.6,128,1,1,10,1000,1,15,1,,53.0,14.2,1208.0,1275.1,1409.3,90,interval,39.0
kv,0,jenn-no-wound,0.0,60,zipf,1.6,128,1,1,10,1000,1,15,1,,8.0,1342.2,4026.5,4026.5,4026.5,90,interval,39.0
kv,0,jenn-no-wound,0.0,60,zipf,1.6,128,1,1,10,1000,1,15,1,,37.0,6.0,1006.6,1140.9,1140.9,90,interval,40.0
kv,0,jenn-no-wound,0.0,60,zipf,1.6,128,1,1,10,1000,1,15,1,,10.0,27917.3,36507.2,36507.2,36507.2,90,interval,40.0
kv,0,jenn-no-wound,0.0,60,zipf,1.6,128,1,1,10,1000,1,15,1,,12.0,6.0,1073.7,1073.7,1073.7,90,interval,41.0
kv,0,jenn-no-wound,0.0,60,zipf,1.6,128,1,1,10,1000,1,15,1,,0.0,0.0,0.0,0.0,0.0,90,interval,41.0
kv,0,jenn-no-wound,0.0,60,zipf,1.6,128,1,1,10,1000,1,15,1,,5.0,1543.5,2080.4,2080.4,2080.4,90,interval,42.0
kv,0,jenn-no-wound,0.0,60,zipf,1.6,128,1,1,10,1000,1,15,1,,2.0,7784.6,30064.8,30064.8,30064.8,90,interval,42.0
kv,0,jenn-no-wound,0.0,60,zipf,1.6,128,1,1,10,1000,1,15,1,,17.0,5.5,2281.7,2281.7,2281.7,90,interval,43.0
kv,0,jenn-no-wound,0.0,60,zipf,1.6,128,1,1,10,1000,1,15,1,,2.0,6174.0,36507.2,36507.2,36507.2,90,interval,43.0
kv,0,jenn-no-wound,0.0,60,zipf,1.6,128,1,1,10,1000,1,15,1,,134.0,6.0,1275.1,1811.9,1811.9,90,interval,44.0
kv,0,jenn-no-wound,0.0,60,zipf,1.6,128,1,1,10,1000,1,15,1,,20.0,4026.5,45097.2,45097.2,45097.2,90,interval,44.0
kv,0,jenn-no-wound,0.0,60,zipf,1.6,128,1,1,10,1000,1,15,1,,67.0,7.1,704.6,838.9,939.5,90,interval,45.0
kv,0,jenn-no-wound,0.0,60,zipf,1.6,128,1,1,10,1000,1,15,1,,2.0,7784.6,42949.7,42949.7,42949.7,90,interval,45.0
kv,0,jenn-no-wound,0.0,60,zipf,1.6,128,1,1,10,1000,1,15,1,,74.0,8.9,1342.2,1543.5,1543.5,90,interval,46.0
kv,0,jenn-no-wound,0.0,60,zipf,1.6,128,1,1,10,1000,1,15,1,,4.0,42949.7,45097.2,45097.2,45097.2,90,interval,46.0
kv,0,jenn-no-wound,0.0,60,zipf,1.6,128,1,1,10,1000,1,15,1,,22.0,14.2,2281.7,2281.7,2281.7,90,interval,47.0
kv,0,jenn-no-wound,0.0,60,zipf,1.6,128,1,1,10,1000,1,15,1,,3.0,1275.1,2415.9,2415.9,2415.9,90,interval,47.0
kv,0,jenn-no-wound,0.0,60,zipf,1.6,128,1,1,10,1000,1,15,1,,26.0,5.5,1208.0,1208.0,1208.0,90,interval,48.0
kv,0,jenn-no-wound,0.0,60,zipf,1.6,128,1,1,10,1000,1,15,1,,5.0,47244.6,49392.1,49392.1,49392.1,90,interval,48.0
kv,0,jenn-no-wound,0.0,60,zipf,1.6,128,1,1,10,1000,1,15,1,,64.0,6.0,1610.6,1879.0,1879.0,90,interval,49.0
kv,0,jenn-no-wound,0.0,60,zipf,1.6,128,1,1,10,1000,1,15,1,,4.0,9663.7,49392.1,49392.1,49392.1,90,interval,49.0
kv,0,jenn-no-wound,0.0,60,zipf,1.6,128,1,1,10,1000,1,15,1,,30.0,6.3,3489.7,3489.7,3489.7,90,interval,50.0
kv,0,jenn-no-wound,0.0,60,zipf,1.6,128,1,1,10,1000,1,15,1,,4.0,3221.2,42949.7,42949.7,42949.7,90,interval,50.0
kv,0,jenn-no-wound,0.0,60,zipf,1.6,128,1,1,10,1000,1,15,1,,19.0,5.5,1543.5,1610.6,1610.6,90,interval,51.0
kv,0,jenn-no-wound,0.0,60,zipf,1.6,128,1,1,10,1000,1,15,1,,2.0,1342.2,1543.5,1543.5,1543.5,90,interval,51.0
kv,0,jenn-no-wound,0.0,60,zipf,1.6,128,1,1,10,1000,1,15,1,,43.0,71.3,2415.9,2550.1,2550.1,90,interval,52.0
kv,0,jenn-no-wound,0.0,60,zipf,1.6,128,1,1,10,1000,1,15,1,,7.0,25769.8,53687.1,53687.1,53687.1,90,interval,52.0
kv,0,jenn-no-wound,0.0,60,zipf,1.6,128,1,1,10,1000,1,15,1,,100.0,6.6,771.8,872.4,906.0,90,interval,53.0
kv,0,jenn-no-wound,0.0,60,zipf,1.6,128,1,1,10,1000,1,15,1,,8.0,24696.1,51539.6,51539.6,51539.6,90,interval,53.0
kv,0,jenn-no-wound,0.0,60,zipf,1.6,128,1,1,10,1000,1,15,1,,39.0,5.8,1811.9,2684.4,2684.4,90,interval,54.0
kv,0,jenn-no-wound,0.0,60,zipf,1.6,128,1,1,10,1000,1,15,1,,9.0,20401.1,49392.1,49392.1,49392.1,90,interval,54.0
kv,0,jenn-no-wound,0.0,60,zipf,1.6,128,1,1,10,1000,1,15,1,,142.0,5.5,1342.2,1476.4,1543.5,90,interval,55.0
kv,0,jenn-no-wound,0.0,60,zipf,1.6,128,1,1,10,1000,1,15,1,,7.0,18253.6,55834.6,55834.6,55834.6,90,interval,55.0
kv,0,jenn-no-wound,0.0,60,zipf,1.6,128,1,1,10,1000,1,15,1,,27.0,6.0,1543.5,1543.5,1543.5,90,interval,56.0
kv,0,jenn-no-wound,0.0,60,zipf,1.6,128,1,1,10,1000,1,15,1,,6.0,1140.9,55834.6,55834.6,55834.6,90,interval,56.0
kv,0,jenn-no-wound,0.0,60,zipf,1.6,128,1,1,10,1000,1,15,1,,32.0,6.3,1208.0,1946.2,1946.2,90,interval,57.0
kv,0,jenn-no-wound,0.0,60,zipf,1.6,128,1,1,10,1000,1,15,1,,7.0,16643.0,47244.6,47244.6,47244.6,90,interval,57.0
kv,0,jenn-no-wound,0.0,60,zipf,1.6,128,1,1,10,1000,1,15,1,,141.9,6.6,2415.9,4160.7,4831.8,90,interval,58.0
kv,0,jenn-no-wound,0.0,60,zipf,1.6,128,1,1,10,1000,1,15,1,,10.0,1140.9,53687.1,53687.1,53687.1,90,interval,58.0
kv,0,jenn-no-wound,0.0,60,zipf,1.6,128,1,1,10,1000,1,15,1,,49.0,8.9,1677.7,1744.8,1744.8,90,interval,59.0
kv,0,jenn-no-wound,0.0,60,zipf,1.6,128,1,1,10,1000,1,15,1,,3.0,6174.0,49392.1,49392.1,49392.1,90,interval,59.0
kv,0,jenn-no-wound,0.0,60,zipf,1.6,128,1,1,10,1000,1,15,1,read,62.5,7.1,1811.9,2550.1,9126.8,90,total,60.0
kv,0,jenn-no-wound,0.0,60,zipf,1.6,128,1,1,10,1000,1,15,1,write,5.3,3221.2,47244.6,53687.1,57982.1,90,total,60.0
kv,0,jenn-no-wound,0.0,60,zipf,1.6,128,1,1,10,1000,1,15,1,aggregate,67.8,10.0,2818.6,32212.3,57982.1,90,total_aggregate,60.0
kv,0,jenn-no-wound,0.0,60,zipf,1.1,128,1,1,10,1000,1,15,1,,55.9,19.9,469.8,520.1,570.4,90,interval,1.0
kv,0,jenn-no-wound,0.0,60,zipf,1.1,128,1,1,10,1000,1,15,1,,3.5,176.2,536.9,771.8,771.8,90,interval,1.0
kv,0,jenn-no-wound,0.0,60,zipf,1.1,128,1,1,10,1000,1,15,1,,0.0,0.0,0.0,0.0,0.0,90,interval,2.0
kv,0,jenn-no-wound,0.0,60,zipf,1.1,128,1,1,10,1000,1,15,1,,0.0,0.0,0.0,0.0,0.0,90,interval,2.0
kv,0,jenn-no-wound,0.0,60,zipf,1.1,128,1,1,10,1000,1,15,1,,320.1,192.9,2147.5,2281.7,2550.1,90,interval,3.0
kv,0,jenn-no-wound,0.0,60,zipf,1.1,128,1,1,10,1000,1,15,1,,37.9,1677.7,2281.7,2550.1,2550.1,90,interval,3.0
kv,0,jenn-no-wound,0.0,60,zipf,1.1,128,1,1,10,1000,1,15,1,,227.9,8.9,805.3,872.4,2550.1,90,interval,4.0
kv,0,jenn-no-wound,0.0,60,zipf,1.1,128,1,1,10,1000,1,15,1,,24.0,637.5,3221.2,3355.4,3355.4,90,interval,4.0
kv,0,jenn-no-wound,0.0,60,zipf,1.1,128,1,1,10,1000,1,15,1,,110.2,83.9,1811.9,1946.2,2013.3,90,interval,5.0
kv,0,jenn-no-wound,0.0,60,zipf,1.1,128,1,1,10,1000,1,15,1,,7.0,1744.8,1811.9,1811.9,1811.9,90,interval,5.0
kv,0,jenn-no-wound,0.0,60,zipf,1.1,128,1,1,10,1000,1,15,1,,153.9,201.3,2281.7,2281.7,2415.9,90,interval,6.0
kv,0,jenn-no-wound,0.0,60,zipf,1.1,128,1,1,10,1000,1,15,1,,18.0,1811.9,5368.7,5368.7,5368.7,90,interval,6.0
kv,0,jenn-no-wound,0.0,60,zipf,1.1,128,1,1,10,1000,1,15,1,,62.1,1476.4,2013.3,2013.3,2013.3,90,interval,7.0
kv,0,jenn-no-wound,0.0,60,zipf,1.1,128,1,1,10,1000,1,15,1,,5.0,2013.3,6979.3,6979.3,6979.3,90,interval,7.0
kv,0,jenn-no-wound,0.0,60,zipf,1.1,128,1,1,10,1000,1,15,1,,396.2,14.7,1946.2,2281.7,4026.5,90,interval,8.0
kv,0,jenn-no-wound,0.0,60,zipf,1.1,128,1,1,10,1000,1,15,1,,55.9,570.4,6979.3,7247.8,7247.8,90,interval,8.0
kv,0,jenn-no-wound,0.0,60,zipf,1.1,128,1,1,10,1000,1,15,1,,340.1,9.4,771.8,1208.0,1342.2,90,interval,9.0
kv,0,jenn-no-wound,0.0,60,zipf,1.1,128,1,1,10,1000,1,15,1,,21.0,704.6,1208.0,1342.2,1342.2,90,interval,9.0
kv,0,jenn-no-wound,0.0,60,zipf,1.1,128,1,1,10,1000,1,15,1,,56.1,7.6,771.8,771.8,805.3,90,interval,10.0
kv,0,jenn-no-wound,0.0,60,zipf,1.1,128,1,1,10,1000,1,15,1,,3.0,838.9,1342.2,1342.2,1342.2,90,interval,10.0
kv,0,jenn-no-wound,0.0,60,zipf,1.1,128,1,1,10,1000,1,15,1,,0.0,0.0,0.0,0.0,0.0,90,interval,11.0
kv,0,jenn-no-wound,0.0,60,zipf,1.1,128,1,1,10,1000,1,15,1,,0.0,0.0,0.0,0.0,0.0,90,interval,11.0
kv,0,jenn-no-wound,0.0,60,zipf,1.1,128,1,1,10,1000,1,15,1,,278.3,159.4,2818.6,2952.8,2952.8,90,interval,12.0
kv,0,jenn-no-wound,0.0,60,zipf,1.1,128,1,1,10,1000,1,15,1,,33.9,2684.4,9663.7,11274.3,11274.3,90,interval,12.0
kv,0,jenn-no-wound,0.0,60,zipf,1.1,128,1,1,10,1000,1,15,1,,330.9,104.9,771.8,1275.1,4026.5,90,interval,13.0
kv,0,jenn-no-wound,0.0,60,zipf,1.1,128,1,1,10,1000,1,15,1,,36.0,771.8,5368.7,12884.9,12884.9,90,interval,13.0
kv,0,jenn-no-wound,0.0,60,zipf,1.1,128,1,1,10,1000,1,15,1,,246.1,151.0,1006.6,1073.7,1140.9,90,interval,14.0
kv,0,jenn-no-wound,0.0,60,zipf,1.1,128,1,1,10,1000,1,15,1,,21.0,1040.2,10200.5,13421.8,13421.8,90,interval,14.0
kv,0,jenn-no-wound,0.0,60,zipf,1.1,128,1,1,10,1000,1,15,1,,81.1,805.3,1744.8,1744.8,1811.9,90,interval,15.0
kv,0,jenn-no-wound,0.0,60,zipf,1.1,128,1,1,10,1000,1,15,1,,12.0,1744.8,3221.2,7784.6,7784.6,90,interval,15.0
kv,0,jenn-no-wound,0.0,60,zipf,1.1,128,1,1,10,1000,1,15,1,,406.5,15.7,1409.3,1677.7,1946.2,90,interval,16.0
kv,0,jenn-no-wound,0.0,60,zipf,1.1,128,1,1,10,1000,1,15,1,,40.0,704.6,3087.0,7784.6,7784.6,90,interval,16.0
kv,0,jenn-no-wound,0.0,60,zipf,1.1,128,1,1,10,1000,1,15,1,,0.0,0.0,0.0,0.0,0.0,90,interval,17.0
kv,0,jenn-no-wound,0.0,60,zipf,1.1,128,1,1,10,1000,1,15,1,,0.0,0.0,0.0,0.0,0.0,90,interval,17.0
kv,0,jenn-no-wound,0.0,60,zipf,1.1,128,1,1,10,1000,1,15,1,,251.3,192.9,2080.4,2147.5,2281.7,90,interval,18.0
kv,0,jenn-no-wound,0.0,60,zipf,1.1,128,1,1,10,1000,1,15,1,,24.9,2013.3,4563.4,4831.8,4831.8,90,interval,18.0
kv,0,jenn-no-wound,0.0,60,zipf,1.1,128,1,1,10,1000,1,15,1,,206.1,13.6,1006.6,1073.7,1140.9,90,interval,19.0
kv,0,jenn-no-wound,0.0,60,zipf,1.1,128,1,1,10,1000,1,15,1,,21.0,939.5,2952.8,5637.1,5637.1,90,interval,19.0
kv,0,jenn-no-wound,0.0,60,zipf,1.1,128,1,1,10,1000,1,15,1,,233.0,35.7,906.0,1275.1,1342.2,90,interval,20.0
kv,0,jenn-no-wound,0.0,60,zipf,1.1,128,1,1,10,1000,1,15,1,,25.0,838.9,6442.5,11811.2,11811.2,90,interval,20.0
kv,0,jenn-no-wound,0.0,60,zipf,1.1,128,1,1,10,1000,1,15,1,,342.0,9.4,1140.9,1677.7,1811.9,90,interval,21.0
kv,0,jenn-no-wound,0.0,60,zipf,1.1,128,1,1,10,1000,1,15,1,,41.0,939.5,5637.1,12348.0,12348.0,90,interval,21.0
kv,0,jenn-no-wound,0.0,60,zipf,1.1,128,1,1,10,1000,1,15,1,,30.0,1342.2,1677.7,1677.7,1677.7,90,interval,22.0
kv,0,jenn-no-wound,0.0,60,zipf,1.1,128,1,1,10,1000,1,15,1,,7.0,1610.6,13421.8,13421.8,13421.8,90,interval,22.0
kv,0,jenn-no-wound,0.0,60,zipf,1.1,128,1,1,10,1000,1,15,1,,275.7,218.1,2013.3,2080.4,2147.5,90,interval,23.0
kv,0,jenn-no-wound,0.0,60,zipf,1.1,128,1,1,10,1000,1,15,1,,34.0,637.5,3221.2,10737.4,10737.4,90,interval,23.0
kv,0,jenn-no-wound,0.0,60,zipf,1.1,128,1,1,10,1000,1,15,1,,261.0,16.3,973.1,1208.0,1208.0,90,interval,24.0
kv,0,jenn-no-wound,0.0,60,zipf,1.1,128,1,1,10,1000,1,15,1,,35.0,671.1,5905.6,11811.2,11811.2,90,interval,24.0
kv,0,jenn-no-wound,0.0,60,zipf,1.1,128,1,1,10,1000,1,15,1,,92.1,50.3,402.7,486.5,486.5,90,interval,25.0
kv,0,jenn-no-wound,0.0,60,zipf,1.1,128,1,1,10,1000,1,15,1,,8.0,419.4,1543.5,1543.5,1543.5,90,interval,25.0
kv,0,jenn-no-wound,0.0,60,zipf,1.1,128,1,1,10,1000,1,15,1,,61.1,16.8,2281.7,2415.9,2415.9,90,interval,26.0
kv,0,jenn-no-wound,0.0,60,zipf,1.1,128,1,1,10,1000,1,15,1,,4.0,2147.5,2550.1,2550.1,2550.1,90,interval,26.0
kv,0,jenn-no-wound,0.0,60,zipf,1.1,128,1,1,10,1000,1,15,1,,271.6,92.3,2415.9,2550.1,2684.4,90,interval,27.0
kv,0,jenn-no-wound,0.0,60,zipf,1.1,128,1,1,10,1000,1,15,1,,31.9,536.9,6174.0,12884.9,12884.9,90,interval,27.0
kv,0,jenn-no-wound,0.0,60,zipf,1.1,128,1,1,10,1000,1,15,1,,0.0,0.0,0.0,0.0,0.0,90,interval,28.0
kv,0,jenn-no-wound,0.0,60,zipf,1.1,128,1,1,10,1000,1,15,1,,0.0,0.0,0.0,0.0,0.0,90,interval,28.0
kv,0,jenn-no-wound,0.0,60,zipf,1.1,128,1,1,10,1000,1,15,1,,215.6,52.4,2281.7,2550.1,2550.1,90,interval,29.0
kv,0,jenn-no-wound,0.0,60,zipf,1.1,128,1,1,10,1000,1,15,1,,22.0,2281.7,9126.8,11811.2,11811.2,90,interval,29.0
kv,0,jenn-no-wound,0.0,60,zipf,1.1,128,1,1,10,1000,1,15,1,,163.1,151.0,1208.0,1342.2,2550.1,90,interval,30.0
kv,0,jenn-no-wound,0.0,60,zipf,1.1,128,1,1,10,1000,1,15,1,,8.0,1140.9,7247.8,7247.8,7247.8,90,interval,30.0
kv,0,jenn-no-wound,0.0,60,zipf,1.1,128,1,1,10,1000,1,15,1,,98.1,209.7,1073.7,1208.0,1275.1,90,interval,31.0
kv,0,jenn-no-wound,0.0,60,zipf,1.1,128,1,1,10,1000,1,15,1,,20.0,1275.1,12884.9,27917.3,27917.3,90,interval,31.0
kv,0,jenn-no-wound,0.0,60,zipf,1.1,128,1,1,10,1000,1,15,1,,80.0,1073.7,1946.2,2013.3,2684.4,90,interval,32.0
kv,0,jenn-no-wound,0.0,60,zipf,1.1,128,1,1,10,1000,1,15,1,,9.0,1744.8,16643.0,16643.0,16643.0,90,interval,32.0
kv,0,jenn-no-wound,0.0,60,zipf,1.1,128,1,1,10,1000,1,15,1,,119.0,201.3,3221.2,3758.1,3892.3,90,interval,33.0
kv,0,jenn-no-wound,0.0,60,zipf,1.1,128,1,1,10,1000,1,15,1,,11.0,2080.4,2818.6,4160.7,4160.7,90,interval,33.0
kv,0,jenn-no-wound,0.0,60,zipf,1.1,128,1,1,10,1000,1,15,1,,106.9,176.2,1879.0,3489.7,3489.7,90,interval,34.0
kv,0,jenn-no-wound,0.0,60,zipf,1.1,128,1,1,10,1000,1,15,1,,16.0,4831.8,21474.8,26843.5,26843.5,90,interval,34.0
kv,0,jenn-no-wound,0.0,60,zipf,1.1,128,1,1,10,1000,1,15,1,,179.0,209.7,1543.5,1879.0,1879.0,90,interval,35.0
kv,0,jenn-no-wound,0.0,60,zipf,1.1,128,1,1,10,1000,1,15,1,,25.0,1677.7,17179.9,21474.8,21474.8,90,interval,35.0
kv,0,jenn-no-wound,0.0,60,zipf,1.1,128,1,1,10,1000,1,15,1,,143.1,142.6,1342.2,1677.7,2013.3,90,interval,36.0
kv,0,jenn-no-wound,0.0,60,zipf,1.1,128,1,1,10,1000,1,15,1,,28.0,1677.7,15569.3,16643.0,16643.0,90,interval,36.0
kv,0,jenn-no-wound,0.0,60,zipf,1.1,128,1,1,10,1000,1,15,1,,72.1,6.6,1744.8,1811.9,1879.0,90,interval,37.0
kv,0,jenn-no-wound,0.0,60,zipf,1.1,128,1,1,10,1000,1,15,1,,5.0,1275.1,6710.9,6710.9,6710.9,90,interval,37.0
kv,0,jenn-no-wound,0.0,60,zipf,1.1,128,1,1,10,1000,1,15,1,,249.6,88.1,1677.7,2013.3,2550.1,90,interval,38.0
kv,0,jenn-no-wound,0.0,60,zipf,1.1,128,1,1,10,1000,1,15,1,,27.0,1342.2,20401.1,25769.8,25769.8,90,interval,38.0
kv,0,jenn-no-wound,0.0,60,zipf,1.1,128,1,1,10,1000,1,15,1,,0.0,0.0,0.0,0.0,0.0,90,interval,39.0
kv,0,jenn-no-wound,0.0,60,zipf,1.1,128,1,1,10,1000,1,15,1,,0.0,0.0,0.0,0.0,0.0,90,interval,39.0
kv,0,jenn-no-wound,0.0,60,zipf,1.1,128,1,1,10,1000,1,15,1,,276.3,8.9,1946.2,2147.5,2281.7,90,interval,40.0
kv,0,jenn-no-wound,0.0,60,zipf,1.1,128,1,1,10,1000,1,15,1,,35.9,1879.0,5905.6,16106.1,16106.1,90,interval,40.0
kv,0,jenn-no-wound,0.0,60,zipf,1.1,128,1,1,10,1000,1,15,1,,250.1,251.7,872.4,1073.7,1275.1,90,interval,41.0
kv,0,jenn-no-wound,0.0,60,zipf,1.1,128,1,1,10,1000,1,15,1,,29.0,805.3,6710.9,11811.2,11811.2,90,interval,41.0
kv,0,jenn-no-wound,0.0,60,zipf,1.1,128,1,1,10,1000,1,15,1,,0.0,0.0,0.0,0.0,0.0,90,interval,42.0
kv,0,jenn-no-wound,0.0,60,zipf,1.1,128,1,1,10,1000,1,15,1,,0.0,0.0,0.0,0.0,0.0,90,interval,42.0
kv,0,jenn-no-wound,0.0,60,zipf,1.1,128,1,1,10,1000,1,15,1,,267.5,79.7,1879.0,2281.7,2281.7,90,interval,43.0
kv,0,jenn-no-wound,0.0,60,zipf,1.1,128,1,1,10,1000,1,15,1,,32.9,2080.4,12884.9,38654.7,38654.7,90,interval,43.0
kv,0,jenn-no-wound,0.0,60,zipf,1.1,128,1,1,10,1000,1,15,1,,42.0,117.4,738.2,805.3,805.3,90,interval,44.0
kv,0,jenn-no-wound,0.0,60,zipf,1.1,128,1,1,10,1000,1,15,1,,2.0,109.1,771.8,771.8,771.8,90,interval,44.0
kv,0,jenn-no-wound,0.0,60,zipf,1.1,128,1,1,10,1000,1,15,1,,169.9,22.0,2147.5,2415.9,2415.9,90,interval,45.0
kv,0,jenn-no-wound,0.0,60,zipf,1.1,128,1,1,10,1000,1,15,1,,10.0,2080.4,11811.2,11811.2,11811.2,90,interval,45.0
kv,0,jenn-no-wound,0.0,60,zipf,1.1,128,1,1,10,1000,1,15,1,,125.0,251.7,973.1,2080.4,2415.9,90,interval,46.0
kv,0,jenn-no-wound,0.0,60,zipf,1.1,128,1,1,10,1000,1,15,1,,13.0,805.3,2684.4,9126.8,9126.8,90,interval,46.0
kv,0,jenn-no-wound,0.0,60,zipf,1.1,128,1,1,10,1000,1,15,1,,73.1,906.0,1342.2,1409.3,1476.4,90,interval,47.0
kv,0,jenn-no-wound,0.0,60,zipf,1.1,128,1,1,10,1000,1,15,1,,9.0,1543.5,16106.1,16106.1,16106.1,90,interval,47.0
kv,0,jenn-no-wound,0.0,60,zipf,1.1,128,1,1,10,1000,1,15,1,,294.5,58.7,1610.6,2147.5,2281.7,90,interval,48.0
kv,0,jenn-no-wound,0.0,60,zipf,1.1,128,1,1,10,1000,1,15,1,,30.9,2281.7,8053.1,19327.4,19327.4,90,interval,48.0
kv,0,jenn-no-wound,0.0,60,zipf,1.1,128,1,1,10,1000,1,15,1,,251.1,113.2,771.8,939.5,973.1,90,interval,49.0
kv,0,jenn-no-wound,0.0,60,zipf,1.1,128,1,1,10,1000,1,15,1,,35.0,704.6,15032.4,25769.8,25769.8,90,interval,49.0
kv,0,jenn-no-wound,0.0,60,zipf,1.1,128,1,1,10,1000,1,15,1,,147.1,8.1,671.1,1073.7,1275.1,90,interval,50.0
kv,0,jenn-no-wound,0.0,60,zipf,1.1,128,1,1,10,1000,1,15,1,,17.0,805.3,7247.8,38654.7,38654.7,90,interval,50.0
kv,0,jenn-no-wound,0.0,60,zipf,1.1,128,1,1,10,1000,1,15,1,,116.0,159.4,1879.0,1946.2,2013.3,90,interval,51.0
kv,0,jenn-no-wound,0.0,60,zipf,1.1,128,1,1,10,1000,1,15,1,,11.0,1946.2,2684.4,3489.7,3489.7,90,interval,51.0
kv,0,jenn-no-wound,0.0,60,zipf,1.1,128,1,1,10,1000,1,15,1,,141.0,56.6,1744.8,2013.3,2080.4,90,interval,52.0
kv,0,jenn-no-wound,0.0,60,zipf,1.1,128,1,1,10,1000,1,15,1,,23.0,1879.0,10737.4,12348.0,12348.0,90,interval,52.0
kv,0,jenn-no-wound,0.0,60,zipf,1.1,128,1,1,10,1000,1,15,1,,0.0,0.0,0.0,0.0,0.0,90,interval,53.0
kv,0,jenn-no-wound,0.0,60,zipf,1.1,128,1,1,10,1000,1,15,1,,0.0,0.0,0.0,0.0,0.0,90,interval,53.0
kv,0,jenn-no-wound,0.0,60,zipf,1.1,128,1,1,10,1000,1,15,1,,78.8,285.2,2684.4,2818.6,2952.8,90,interval,54.0
kv,0,jenn-no-wound,0.0,60,zipf,1.1,128,1,1,10,1000,1,15,1,,19.0,2684.4,22548.6,40802.2,40802.2,90,interval,54.0
kv,0,jenn-no-wound,0.0,60,zipf,1.1,128,1,1,10,1000,1,15,1,,122.1,260.0,3355.4,3623.9,3623.9,90,interval,55.0
kv,0,jenn-no-wound,0.0,60,zipf,1.1,128,1,1,10,1000,1,15,1,,16.0,1208.0,5368.7,10200.5,10200.5,90,interval,55.0
kv,0,jenn-no-wound,0.0,60,zipf,1.1,128,1,1,10,1000,1,15,1,,210.8,104.9,4563.4,4563.4,6442.5,90,interval,56.0
kv,0,jenn-no-wound,0.0,60,zipf,1.1,128,1,1,10,1000,1,15,1,,22.0,1006.6,12348.0,12884.9,12884.9,90,interval,56.0
kv,0,jenn-no-wound,0.0,60,zipf,1.1,128,1,1,10,1000,1,15,1,,103.1,184.5,973.1,1208.0,1543.5,90,interval,57.0
kv,0,jenn-no-wound,0.0,60,zipf,1.1,128,1,1,10,1000,1,15,1,,9.0,704.6,8053.1,8053.1,8053.1,90,interval,57.0
kv,0,jenn-no-wound,0.0,60,zipf,1.1,128,1,1,10,1000,1,15,1,,138.0,15.2,2281.7,2818.6,2818.6,90,interval,58.0
kv,0,jenn-no-wound,0.0,60,zipf,1.1,128,1,1,10,1000,1,15,1,,10.0,2080.4,22548.6,22548.6,22548.6,90,interval,58.0
kv,0,jenn-no-wound,0.0,60,zipf,1.1,128,1,1,10,1000,1,15,1,,237.9,167.8,1879.0,2147.5,2818.6,90,interval,59.0
kv,0,jenn-no-wound,0.0,60,zipf,1.1,128,1,1,10,1000,1,15,1,,41.0,2550.1,26843.5,27917.3,27917.3,90,interval,59.0
kv,0,jenn-no-wound,0.0,60,zipf,1.1,128,1,1,10,1000,1,15,1,read,168.3,56.6,2013.3,2684.4,6442.5,90,total,60.0
kv,0,jenn-no-wound,0.0,60,zipf,1.1,128,1,1,10,1000,1,15,1,write,18.7,1275.1,10737.4,22548.6,51539.6,90,total,60.0
kv,0,jenn-no-wound,0.0,60,zipf,1.1,128,1,1,10,1000,1,15,1,aggregate,186.9,151.0,2281.7,6710.9,51539.6,90,total_aggregate,60.0
kv,0,jenn-no-wound,0.0,60,zipf,1.5,128,1,1,10,1000,1,15,1,,41.0,35.7,637.5,872.4,906.0,90,interval,1.0
kv,0,jenn-no-wound,0.0,60,zipf,1.5,128,1,1,10,1000,1,15,1,,1.0,436.2,805.3,805.3,805.3,90,interval,1.0
kv,0,jenn-no-wound,0.0,60,zipf,1.5,128,1,1,10,1000,1,15,1,,233.2,201.3,1543.5,1610.6,1811.9,90,interval,2.0
kv,0,jenn-no-wound,0.0,60,zipf,1.5,128,1,1,10,1000,1,15,1,,6.0,1543.5,1811.9,1811.9,1811.9,90,interval,2.0
kv,0,jenn-no-wound,0.0,60,zipf,1.5,128,1,1,10,1000,1,15,1,,34.1,125.8,570.4,704.6,704.6,90,interval,3.0
kv,0,jenn-no-wound,0.0,60,zipf,1.5,128,1,1,10,1000,1,15,1,,2.0,1811.9,2281.7,2281.7,2281.7,90,interval,3.0
kv,0,jenn-no-wound,0.0,60,zipf,1.5,128,1,1,10,1000,1,15,1,,28.0,1476.4,2281.7,2281.7,2281.7,90,interval,4.0
kv,0,jenn-no-wound,0.0,60,zipf,1.5,128,1,1,10,1000,1,15,1,,2.0,2147.5,2281.7,2281.7,2281.7,90,interval,4.0
kv,0,jenn-no-wound,0.0,60,zipf,1.5,128,1,1,10,1000,1,15,1,,145.8,385.9,3221.2,3758.1,4026.5,90,interval,5.0
kv,0,jenn-no-wound,0.0,60,zipf,1.5,128,1,1,10,1000,1,15,1,,4.0,2281.7,4160.7,4160.7,4160.7,90,interval,5.0
kv,0,jenn-no-wound,0.0,60,zipf,1.5,128,1,1,10,1000,1,15,1,,73.1,96.5,1946.2,3489.7,3489.7,90,interval,6.0
kv,0,jenn-no-wound,0.0,60,zipf,1.5,128,1,1,10,1000,1,15,1,,7.0,1811.9,2818.6,2818.6,2818.6,90,interval,6.0
kv,0,jenn-no-wound,0.0,60,zipf,1.5,128,1,1,10,1000,1,15,1,,160.8,113.2,1677.7,1744.8,1879.0,90,interval,7.0
kv,0,jenn-no-wound,0.0,60,zipf,1.5,128,1,1,10,1000,1,15,1,,13.0,1811.9,6442.5,6979.3,6979.3,90,interval,7.0
kv,0,jenn-no-wound,0.0,60,zipf,1.5,128,1,1,10,1000,1,15,1,,117.1,192.9,805.3,805.3,805.3,90,interval,8.0
kv,0,jenn-no-wound,0.0,60,zipf,1.5,128,1,1,10,1000,1,15,1,,9.0,838.9,6979.3,6979.3,6979.3,90,interval,8.0
kv,0,jenn-no-wound,0.0,60,zipf,1.5,128,1,1,10,1000,1,15,1,,165.9,13.1,1006.6,1409.3,1409.3,90,interval,9.0
kv,0,jenn-no-wound,0.0,60,zipf,1.5,128,1,1,10,1000,1,15,1,,7.0,1006.6,8589.9,8589.9,8589.9,90,interval,9.0
kv,0,jenn-no-wound,0.0,60,zipf,1.5,128,1,1,10,1000,1,15,1,,83.0,7.6,973.1,2281.7,2281.7,90,interval,10.0
kv,0,jenn-no-wound,0.0,60,zipf,1.5,128,1,1,10,1000,1,15,1,,9.0,1006.6,2818.6,2818.6,2818.6,90,interval,10.0
kv,0,jenn-no-wound,0.0,60,zipf,1.5,128,1,1,10,1000,1,15,1,,64.0,17.8,973.1,1208.0,1208.0,90,interval,11.0
kv,0,jenn-no-wound,0.0,60,zipf,1.5,128,1,1,10,1000,1,15,1,,3.0,1879.0,10737.4,10737.4,10737.4,90,interval,11.0
kv,0,jenn-no-wound,0.0,60,zipf,1.5,128,1,1,10,1000,1,15,1,,56.0,486.5,1275.1,1610.6,1677.7,90,interval,12.0
kv,0,jenn-no-wound,0.0,60,zipf,1.5,128,1,1,10,1000,1,15,1,,19.0,3489.7,11811.2,11811.2,11811.2,90,interval,12.0
kv,0,jenn-no-wound,0.0,60,zipf,1.5,128,1,1,10,1000,1,15,1,,79.0,104.9,738.2,771.8,805.3,90,interval,13.0
kv,0,jenn-no-wound,0.0,60,zipf,1.5,128,1,1,10,1000,1,15,1,,7.0,10200.5,11811.2,11811.2,11811.2,90,interval,13.0
kv,0,jenn-no-wound,0.0,60,zipf,1.5,128,1,1,10,1000,1,15,1,,51.0,12.1,1275.1,1342.2,1811.9,90,interval,14.0
kv,0,jenn-no-wound,0.0,60,zipf,1.5,128,1,1,10,1000,1,15,1,,6.0,1342.2,11274.3,11274.3,11274.3,90,interval,14.0
kv,0,jenn-no-wound,0.0,60,zipf,1.5,128,1,1,10,1000,1,15,1,,59.0,176.2,2080.4,2415.9,2415.9,90,interval,15.0
kv,0,jenn-no-wound,0.0,60,zipf,1.5,128,1,1,10,1000,1,15,1,,5.0,12884.9,15032.4,15032.4,15032.4,90,interval,15.0
kv,0,jenn-no-wound,0.0,60,zipf,1.5,128,1,1,10,1000,1,15,1,,98.1,15.2,1040.2,1073.7,1140.9,90,interval,16.0
kv,0,jenn-no-wound,0.0,60,zipf,1.5,128,1,1,10,1000,1,15,1,,7.0,8321.5,13958.6,13958.6,13958.6,90,interval,16.0
kv,0,jenn-no-wound,0.0,60,zipf,1.5,128,1,1,10,1000,1,15,1,,77.0,7.9,771.8,1073.7,1140.9,90,interval,17.0
kv,0,jenn-no-wound,0.0,60,zipf,1.5,128,1,1,10,1000,1,15,1,,7.0,1275.1,12348.0,12348.0,12348.0,90,interval,17.0
kv,0,jenn-no-wound,0.0,60,zipf,1.5,128,1,1,10,1000,1,15,1,,70.0,19.9,1208.0,1275.1,1275.1,90,interval,18.0
kv,0,jenn-no-wound,0.0,60,zipf,1.5,128,1,1,10,1000,1,15,1,,10.0,1476.4,13958.6,13958.6,13958.6,90,interval,18.0
kv,0,jenn-no-wound,0.0,60,zipf,1.5,128,1,1,10,1000,1,15,1,,90.0,7.3,1006.6,1208.0,1208.0,90,interval,19.0
kv,0,jenn-no-wound,0.0,60,zipf,1.5,128,1,1,10,1000,1,15,1,,8.0,10200.5,16643.0,16643.0,16643.0,90,interval,19.0
kv,0,jenn-no-wound,0.0,60,zipf,1.5,128,1,1,10,1000,1,15,1,,106.9,6.6,637.5,1208.0,1342.2,90,interval,20.0
kv,0,jenn-no-wound,0.0,60,zipf,1.5,128,1,1,10,1000,1,15,1,,12.0,771.8,9663.7,19327.4,19327.4,90,interval,20.0
kv,0,jenn-no-wound,0.0,60,zipf,1.5,128,1,1,10,1000,1,15,1,,10.0,805.3,939.5,939.5,939.5,90,interval,21.0
kv,0,jenn-no-wound,0.0,60,zipf,1.5,128,1,1,10,1000,1,15,1,,1.0,838.9,838.9,838.9,838.9,90,interval,21.0
kv,0,jenn-no-wound,0.0,60,zipf,1.5,128,1,1,10,1000,1,15,1,,52.9,83.9,2080.4,2281.7,2415.9,90,interval,22.0
kv,0,jenn-no-wound,0.0,60,zipf,1.5,128,1,1,10,1000,1,15,1,,18.0,10737.4,22548.6,22548.6,22548.6,90,interval,22.0
kv,0,jenn-no-wound,0.0,60,zipf,1.5,128,1,1,10,1000,1,15,1,,66.1,251.7,1140.9,1140.9,1208.0,90,interval,23.0
kv,0,jenn-no-wound,0.0,60,zipf,1.5,128,1,1,10,1000,1,15,1,,2.0,6710.9,10737.4,10737.4,10737.4,90,interval,23.0
kv,0,jenn-no-wound,0.0,60,zipf,1.5,128,1,1,10,1000,1,15,1,,23.0,570.4,1476.4,2013.3,2013.3,90,interval,24.0
kv,0,jenn-no-wound,0.0,60,zipf,1.5,128,1,1,10,1000,1,15,1,,1.0,1342.2,1342.2,1342.2,1342.2,90,interval,24.0
kv,0,jenn-no-wound,0.0,60,zipf,1.5,128,1,1,10,1000,1,15,1,,8.0,13.1,1275.1,1275.1,1275.1,90,interval,25.0
kv,0,jenn-no-wound,0.0,60,zipf,1.5,128,1,1,10,1000,1,15,1,,1.0,24696.1,24696.1,24696.1,24696.1,90,interval,25.0
kv,0,jenn-no-wound,0.0,60,zipf,1.5,128,1,1,10,1000,1,15,1,,49.0,973.1,2684.4,2684.4,2684.4,90,interval,26.0
kv,0,jenn-no-wound,0.0,60,zipf,1.5,128,1,1,10,1000,1,15,1,,5.0,13421.8,25769.8,25769.8,25769.8,90,interval,26.0
kv,0,jenn-no-wound,0.0,60,zipf,1.5,128,1,1,10,1000,1,15,1,,53.0,402.7,1543.5,1677.7,1744.8,90,interval,27.0
kv,0,jenn-no-wound,0.0,60,zipf,1.5,128,1,1,10,1000,1,15,1,,7.0,2281.7,18253.6,18253.6,18253.6,90,interval,27.0
kv,0,jenn-no-wound,0.0,60,zipf,1.5,128,1,1,10,1000,1,15,1,,81.0,6.8,704.6,872.4,1006.6,90,interval,28.0
kv,0,jenn-no-wound,0.0,60,zipf,1.5,128,1,1,10,1000,1,15,1,,8.0,738.2,27917.3,27917.3,27917.3,90,interval,28.0
kv,0,jenn-no-wound,0.0,60,zipf,1.5,128,1,1,10,1000,1,15,1,,54.0,6.8,1610.6,1610.6,1677.7,90,interval,29.0
kv,0,jenn-no-wound,0.0,60,zipf,1.5,128,1,1,10,1000,1,15,1,,4.0,1543.5,27917.3,27917.3,27917.3,90,interval,29.0
kv,0,jenn-no-wound,0.0,60,zipf,1.5,128,1,1,10,1000,1,15,1,,49.0,402.7,2415.9,2550.1,2550.1,90,interval,30.0
kv,0,jenn-no-wound,0.0,60,zipf,1.5,128,1,1,10,1000,1,15,1,,3.0,2415.9,19327.4,19327.4,19327.4,90,interval,30.0
kv,0,jenn-no-wound,0.0,60,zipf,1.5,128,1,1,10,1000,1,15,1,,12.0,226.5,1208.0,1342.2,1342.2,90,interval,31.0
kv,0,jenn-no-wound,0.0,60,zipf,1.5,128,1,1,10,1000,1,15,1,,2.0,1275.1,5368.7,5368.7,5368.7,90,interval,31.0
kv,0,jenn-no-wound,0.0,60,zipf,1.5,128,1,1,10,1000,1,15,1,,15.0,973.1,1879.0,1879.0,1879.0,90,interval,32.0
kv,0,jenn-no-wound,0.0,60,zipf,1.5,128,1,1,10,1000,1,15,1,,0.0,0.0,0.0,0.0,0.0,90,interval,32.0
kv,0,jenn-no-wound,0.0,60,zipf,1.5,128,1,1,10,1000,1,15,1,,4.0,268.4,2415.9,2415.9,2415.9,90,interval,33.0
kv,0,jenn-no-wound,0.0,60,zipf,1.5,128,1,1,10,1000,1,15,1,,0.0,0.0,0.0,0.0,0.0,90,interval,33.0
kv,0,jenn-no-wound,0.0,60,zipf,1.5,128,1,1,10,1000,1,15,1,,18.0,18.9,4026.5,4563.4,4563.4,90,interval,34.0
kv,0,jenn-no-wound,0.0,60,zipf,1.5,128,1,1,10,1000,1,15,1,,4.0,4026.5,12348.0,12348.0,12348.0,90,interval,34.0
kv,0,jenn-no-wound,0.0,60,zipf,1.5,128,1,1,10,1000,1,15,1,,48.0,109.1,3221.2,4160.7,4160.7,90,interval,35.0
kv,0,jenn-no-wound,0.0,60,zipf,1.5,128,1,1,10,1000,1,15,1,,4.0,4831.8,26843.5,26843.5,26843.5,90,interval,35.0
kv,0,jenn-no-wound,0.0,60,zipf,1.5,128,1,1,10,1000,1,15,1,,134.0,8.9,939.5,1610.6,1946.2,90,interval,36.0
kv,0,jenn-no-wound,0.0,60,zipf,1.5,128,1,1,10,1000,1,15,1,,15.0,8053.1,28991.0,31138.5,31138.5,90,interval,36.0
kv,0,jenn-no-wound,0.0,60,zipf,1.5,128,1,1,10,1000,1,15,1,,19.0,385.9,520.1,570.4,570.4,90,interval,37.0
kv,0,jenn-no-wound,0.0,60,zipf,1.5,128,1,1,10,1000,1,15,1,,2.0,503.3,17179.9,17179.9,17179.9,90,interval,37.0
kv,0,jenn-no-wound,0.0,60,zipf,1.5,128,1,1,10,1000,1,15,1,,92.9,8.4,1275.1,1409.3,1811.9,90,interval,38.0
kv,0,jenn-no-wound,0.0,60,zipf,1.5,128,1,1,10,1000,1,15,1,,5.0,1409.3,31138.5,31138.5,31138.5,90,interval,38.0
kv,0,jenn-no-wound,0.0,60,zipf,1.5,128,1,1,10,1000,1,15,1,,11.0,6.3,1040.2,1140.9,1140.9,90,interval,39.0
kv,0,jenn-no-wound,0.0,60,zipf,1.5,128,1,1,10,1000,1,15,1,,0.0,0.0,0.0,0.0,0.0,90,interval,39.0
kv,0,jenn-no-wound,0.0,60,zipf,1.5,128,1,1,10,1000,1,15,1,,46.1,6.6,1879.0,2080.4,2080.4,90,interval,40.0
kv,0,jenn-no-wound,0.0,60,zipf,1.5,128,1,1,10,1000,1,15,1,,9.0,25769.8,40802.2,40802.2,40802.2,90,interval,40.0
kv,0,jenn-no-wound,0.0,60,zipf,1.5,128,1,1,10,1000,1,15,1,,52.0,6.8,1677.7,1744.8,1946.2,90,interval,41.0
kv,0,jenn-no-wound,0.0,60,zipf,1.5,128,1,1,10,1000,1,15,1,,4.0,18253.6,34359.7,34359.7,34359.7,90,interval,41.0
kv,0,jenn-no-wound,0.0,60,zipf,1.5,128,1,1,10,1000,1,15,1,,59.0,125.8,1208.0,1879.0,1879.0,90,interval,42.0
kv,0,jenn-no-wound,0.0,60,zipf,1.5,128,1,1,10,1000,1,15,1,,10.0,1006.6,42949.7,42949.7,42949.7,90,interval,42.0
kv,0,jenn-no-wound,0.0,60,zipf,1.5,128,1,1,10,1000,1,15,1,,111.0,6.0,1208.0,1744.8,1744.8,90,interval,43.0
kv,0,jenn-no-wound,0.0,60,zipf,1.5,128,1,1,10,1000,1,15,1,,10.0,16106.1,42949.7,42949.7,42949.7,90,interval,43.0
kv,0,jenn-no-wound,0.0,60,zipf,1.5,128,1,1,10,1000,1,15,1,,60.0,13.6,805.3,906.0,1073.7,90,interval,44.0
kv,0,jenn-no-wound,0.0,60,zipf,1.5,128,1,1,10,1000,1,15,1,,8.0,805.3,27917.3,27917.3,27917.3,90,interval,44.0
kv,0,jenn-no-wound,0.0,60,zipf,1.5,128,1,1,10,1000,1,15,1,,9.0,1073.7,1677.7,1677.7,1677.7,90,interval,45.0
kv,0,jenn-no-wound,0.0,60,zipf,1.5,128,1,1,10,1000,1,15,1,,0.0,0.0,0.0,0.0,0.0,90,interval,45.0
kv,0,jenn-no-wound,0.0,60,zipf,1.5,128,1,1,10,1000,1,15,1,,85.9,7.1,1946.2,2550.1,2550.1,90,interval,46.0
kv,0,jenn-no-wound,0.0,60,zipf,1.5,128,1,1,10,1000,1,15,1,,13.0,5637.1,27917.3,45097.2,45097.2,90,interval,46.0
kv,0,jenn-no-wound,0.0,60,zipf,1.5,128,1,1,10,1000,1,15,1,,67.0,6.6,1073.7,1140.9,1208.0,90,interval,47.0
kv,0,jenn-no-wound,0.0,60,zipf,1.5,128,1,1,10,1000,1,15,1,,13.0,5637.1,32212.3,45097.2,45097.2,90,interval,47.0
kv,0,jenn-no-wound,0.0,60,zipf,1.5,128,1,1,10,1000,1,15,1,,99.0,125.8,906.0,1342.2,1342.2,90,interval,48.0
kv,0,jenn-no-wound,0.0,60,zipf,1.5,128,1,1,10,1000,1,15,1,,3.0,10200.5,23622.3,23622.3,23622.3,90,interval,48.0
kv,0,jenn-no-wound,0.0,60,zipf,1.5,128,1,1,10,1000,1,15,1,,18.0,536.9,1677.7,1677.7,1677.7,90,interval,49.0
kv,0,jenn-no-wound,0.0,60,zipf,1.5,128,1,1,10,1000,1,15,1,,2.0,7247.8,33286.0,33286.0,33286.0,90,interval,49.0
kv,0,jenn-no-wound,0.0,60,zipf,1.5,128,1,1,10,1000,1,15,1,,36.0,151.0,1543.5,1744.8,1744.8,90,interval,50.0
kv,0,jenn-no-wound,0.0,60,zipf,1.5,128,1,1,10,1000,1,15,1,,2.0,2952.8,3623.9,3623.9,3623.9,90,interval,50.0
kv,0,jenn-no-wound,0.0,60,zipf,1.5,128,1,1,10,1000,1,15,1,,62.9,15.2,1677.7,1879.0,2415.9,90,interval,51.0
kv,0,jenn-no-wound,0.0,60,zipf,1.5,128,1,1,10,1000,1,15,1,,7.0,40802.2,42949.7,42949.7,42949.7,90,interval,51.0
kv,0,jenn-no-wound,0.0,60,zipf,1.5,128,1,1,10,1000,1,15,1,,26.0,7.6,352.3,369.1,369.1,90,interval,52.0
kv,0,jenn-no-wound,0.0,60,zipf,1.5,128,1,1,10,1000,1,15,1,,3.0,10200.5,45097.2,45097.2,45097.2,90,interval,52.0
kv,0,jenn-no-wound,0.0,60,zipf,1.5,128,1,1,10,1000,1,15,1,,72.9,5.5,1610.6,1946.2,1946.2,90,interval,53.0
kv,0,jenn-no-wound,0.0,60,zipf,1.5,128,1,1,10,1000,1,15,1,,2.0,5100.3,9663.7,9663.7,9663.7,90,interval,53.0
kv,0,jenn-no-wound,0.0,60,zipf,1.5,128,1,1,10,1000,1,15,1,,72.1,12.6,1879.0,2080.4,2415.9,90,interval,54.0
kv,0,jenn-no-wound,0.0,60,zipf,1.5,128,1,1,10,1000,1,15,1,,4.0,7784.6,12348.0,12348.0,12348.0,90,interval,54.0
kv,0,jenn-no-wound,0.0,60,zipf,1.5,128,1,1,10,1000,1,15,1,,37.9,13.1,1476.4,1543.5,1543.5,90,interval,55.0
kv,0,jenn-no-wound,0.0,60,zipf,1.5,128,1,1,10,1000,1,15,1,,2.0,22.0,3221.2,3221.2,3221.2,90,interval,55.0
kv,0,jenn-no-wound,0.0,60,zipf,1.5,128,1,1,10,1000,1,15,1,,47.1,13.1,1140.9,2013.3,2013.3,90,interval,56.0
kv,0,jenn-no-wound,0.0,60,zipf,1.5,128,1,1,10,1000,1,15,1,,6.0,20401.1,55834.6,55834.6,55834.6,90,interval,56.0
kv,0,jenn-no-wound,0.0,60,zipf,1.5,128,1,1,10,1000,1,15,1,,74.0,125.8,738.2,939.5,1040.2,90,interval,57.0
kv,0,jenn-no-wound,0.0,60,zipf,1.5,128,1,1,10,1000,1,15,1,,4.0,5368.7,47244.6,47244.6,47244.6,90,interval,57.0
kv,0,jenn-no-wound,0.0,60,zipf,1.5,128,1,1,10,1000,1,15,1,,46.0,13.1,1040.2,1140.9,1140.9,90,interval,58.0
kv,0,jenn-no-wound,0.0,60,zipf,1.5,128,1,1,10,1000,1,15,1,,2.0,4026.5,49392.1,49392.1,49392.1,90,interval,58.0
kv,0,jenn-no-wound,0.0,60,zipf,1.5,128,1,1,10,1000,1,15,1,,7.0,1543.5,2684.4,2684.4,2684.4,90,interval,59.0
kv,0,jenn-no-wound,0.0,60,zipf,1.5,128,1,1,10,1000,1,15,1,,0.0,0.0,0.0,0.0,0.0,90,interval,59.0
kv,0,jenn-no-wound,0.0,60,zipf,1.5,128,1,1,10,1000,1,15,1,read,68.2,23.1,1677.7,2550.1,4563.4,90,total,60.0
kv,0,jenn-no-wound,0.0,60,zipf,1.5,128,1,1,10,1000,1,15,1,write,5.8,3623.9,40802.2,47244.6,55834.6,90,total,60.0
kv,0,jenn-no-wound,0.0,60,zipf,1.5,128,1,1,10,1000,1,15,1,aggregate,74.0,71.3,2684.4,24696.1,55834.6,90,total_aggregate,60.0
